"","origin","dest","first_stop","second_stop","ticket_carrier","pax","connections"
"1","DSM","ATL","",NA,"DL",2705,0
"2","DSM","AZA","",NA,"G4",2377,0
"3","DSM","CLT","",NA,"AA",1429,0
"4","DSM","DCA","",NA,"AA",2229,0
"5","DSM","DEN","",NA,"F9",2261,0
"6","DSM","DEN","",NA,"UA",3525,0
"7","DSM","DFW","",NA,"AA",3340,0
"8","DSM","DTW","",NA,"DL",1481,0
"9","DSM","IAH","",NA,"UA",1883,0
"10","DSM","LAS","",NA,"G4",2960,0
"11","DSM","LAS","",NA,"WN",2296,0
"12","DSM","LAX","",NA,"G4",347,0
"13","DSM","LGA","",NA,"DL",2619,0
"14","DSM","MCO","",NA,"F9",991,0
"15","DSM","MSP","",NA,"DL",930,0
"16","DSM","ORD","",NA,"AA",2865,0
"17","DSM","ORD","",NA,"UA",2138,0
"18","DSM","PGD","",NA,"G4",1869,0
"19","DSM","PHL","",NA,"AA",1498,0
"20","DSM","PHX","",NA,"AA",5537,0
"21","DSM","PHX","",NA,"F9",1002,0
"22","DSM","PHX","",NA,"WN",266,0
"23","DSM","PIE","",NA,"G4",2000,0
"24","DSM","SFB","",NA,"G4",2431,0
"25","DSM","SLC","",NA,"DL",968,0
"26","DSM","SRQ","",NA,"G4",155,0
"27","DSM","STL","",NA,"WN",1525,0
"28","DSM","VPS","",NA,"G4",352,0
"29","DSM","ABE","ATL",NA,"DL",22,1
"30","DSM","ABE","CLT",NA,"AA",8,1
"31","DSM","ABE","DTW",NA,"DL",29,1
"32","DSM","ABE","ORD",NA,"AA",22,1
"33","DSM","ABE","ORD",NA,"UA",34,1
"34","DSM","ABE","PHL",NA,"AA",8,1
"35","DSM","ABI","DFW",NA,"AA",42,1
"36","DSM","ABI","ORD","DFW","AA",2,2
"37","DSM","ABQ","DEN",NA,"UA",125,1
"38","DSM","ABQ","DFW",NA,"AA",168,1
"39","DSM","ABQ","IAH",NA,"UA",22,1
"40","DSM","ABQ","LAS",NA,"WN",52,1
"41","DSM","ABQ","MSP",NA,"DL",22,1
"42","DSM","ABQ","ORD","DEN","UA",1,2
"43","DSM","ABQ","ORD",NA,"AA",20,1
"44","DSM","ABQ","ORD",NA,"UA",2,1
"45","DSM","ABQ","PHX",NA,"AA",7,1
"46","DSM","ABQ","PHX",NA,"WN",10,1
"47","DSM","ABQ","SLC",NA,"DL",17,1
"48","DSM","ABQ","STL",NA,"WN",1,1
"49","DSM","ABR","MSP",NA,"DL",4,1
"50","DSM","ABY","ATL",NA,"DL",20,1
"51","DSM","ABY","DTW","ATL","DL",1,2
"52","DSM","ACK","CLT",NA,"AA",2,1
"53","DSM","ACK","DCA",NA,"AA",1,1
"54","DSM","ACK","ORD","LGA","AA",1,2
"55","DSM","ACT","DFW",NA,"AA",52,1
"56","DSM","ACV","DEN","LAX","UA",1,2
"57","DSM","ACV","DEN","SFO","UA",1,2
"58","DSM","ACV","DEN",NA,"UA",16,1
"59","DSM","ACV","ORD","LAX","UA",1,2
"60","DSM","ACV","ORD","SFO","UA",2,2
"61","DSM","AEX","ATL",NA,"DL",7,1
"62","DSM","AEX","DFW",NA,"AA",11,1
"63","DSM","AEX","IAH",NA,"UA",7,1
"64","DSM","AGS","ATL",NA,"DL",87,1
"65","DSM","AGS","CLT",NA,"AA",24,1
"66","DSM","AGS","DCA",NA,"AA",1,1
"67","DSM","AGS","DFW",NA,"AA",2,1
"68","DSM","AGS","MSP","ATL","DL",1,2
"69","DSM","AGS","ORD","CLT","AA",1,2
"70","DSM","ALB","ATL",NA,"DL",23,1
"71","DSM","ALB","CLT",NA,"AA",16,1
"72","DSM","ALB","DCA",NA,"AA",2,1
"73","DSM","ALB","DTW",NA,"DL",61,1
"74","DSM","ALB","MSP",NA,"DL",9,1
"75","DSM","ALB","ORD",NA,"AA",43,1
"76","DSM","ALB","ORD",NA,"UA",80,1
"77","DSM","ALB","PHL",NA,"AA",13,1
"78","DSM","ALS","DEN",NA,"UA",1,1
"79","DSM","AMA","DEN",NA,"UA",22,1
"80","DSM","AMA","DFW",NA,"AA",100,1
"81","DSM","AMA","IAH",NA,"UA",7,1
"82","DSM","ANC","DEN","SFO","UA",1,2
"83","DSM","ANC","DEN",NA,"UA",51,1
"84","DSM","ANC","DFW","SEA","AA",1,2
"85","DSM","ANC","DFW",NA,"AA",5,1
"86","DSM","ANC","DTW","MSP","DL",1,2
"87","DSM","ANC","DTW","SEA","DL",2,2
"88","DSM","ANC","MSP","SEA","DL",8,2
"89","DSM","ANC","MSP",NA,"DL",67,1
"90","DSM","ANC","ORD","PDX","AS",2,2
"91","DSM","ANC","ORD","SEA","AA",1,2
"92","DSM","ANC","ORD","SEA","AS",7,2
"93","DSM","ANC","ORD",NA,"AS",6,1
"94","DSM","ANC","ORD",NA,"UA",15,1
"95","DSM","ANC","PHX","SEA","AA",1,2
"96","DSM","ANC","PHX",NA,"AA",15,1
"97","DSM","ANC","SLC","SEA","DL",3,2
"98","DSM","ANC","SLC",NA,"DL",12,1
"99","DSM","APN","DTW",NA,"DL",6,1
"100","DSM","ART","PHL",NA,"AA",6,1
"101","DSM","ASE","DEN",NA,"UA",46,1
"102","DSM","ASE","DFW",NA,"AA",1,1
"103","DSM","ASE","MSP",NA,"DL",2,1
"104","DSM","ASE","PHX",NA,"AA",2,1
"105","DSM","ATL","CLT","MIA","AA",1,2
"106","DSM","ATL","CLT",NA,"AA",87,1
"107","DSM","ATL","DCA","CLT","AA",1,2
"108","DSM","ATL","DCA",NA,"AA",2,1
"109","DSM","ATL","DFW",NA,"AA",19,1
"110","DSM","ATL","DTW","BHM","DL",1,2
"111","DSM","ATL","DTW","CLE","DL",14,2
"112","DSM","ATL","DTW","CLT","DL",1,2
"113","DSM","ATL","DTW","CMH","DL",19,2
"114","DSM","ATL","DTW","DAY","DL",1,2
"115","DSM","ATL","DTW","FWA","DL",2,2
"116","DSM","ATL","DTW","IAD","DL",1,2
"117","DSM","ATL","DTW","IND","DL",3,2
"118","DSM","ATL","DTW","MEM","DL",2,2
"119","DSM","ATL","DTW","PIT","DL",11,2
"120","DSM","ATL","DTW","TYS","DL",1,2
"121","DSM","ATL","DTW",NA,"DL",32,1
"122","DSM","ATL","IAH",NA,"UA",8,1
"123","DSM","ATL","MSP","CLE","DL",1,2
"124","DSM","ATL","MSP","CMH","DL",1,2
"125","DSM","ATL","MSP","FSD","DL",1,2
"126","DSM","ATL","MSP","GRB","DL",1,2
"127","DSM","ATL","MSP","MCO","DL",1,2
"128","DSM","ATL","MSP","MKE","DL",1,2
"129","DSM","ATL","MSP","PIT","DL",1,2
"130","DSM","ATL","MSP","STL","DL",3,2
"131","DSM","ATL","MSP",NA,"DL",24,1
"132","DSM","ATL","ORD",NA,"AA",74,1
"133","DSM","ATL","ORD",NA,"UA",56,1
"134","DSM","ATL","PHL",NA,"AA",6,1
"135","DSM","ATL","STL","CMH","WN",1,2
"136","DSM","ATL","STL","MCO","WN",1,2
"137","DSM","ATL","STL",NA,"WN",185,1
"138","DSM","ATW","DTW",NA,"DL",5,1
"139","DSM","ATW","MSP",NA,"DL",27,1
"140","DSM","ATW","ORD",NA,"AA",6,1
"141","DSM","ATW","ORD",NA,"UA",9,1
"142","DSM","AUS","ATL",NA,"DL",65,1
"143","DSM","AUS","DEN",NA,"F9",14,1
"144","DSM","AUS","DEN",NA,"UA",63,1
"145","DSM","AUS","DFW",NA,"AA",619,1
"146","DSM","AUS","DTW",NA,"DL",31,1
"147","DSM","AUS","IAH",NA,"UA",289,1
"148","DSM","AUS","MSP",NA,"DL",95,1
"149","DSM","AUS","ORD",NA,"AA",51,1
"150","DSM","AUS","ORD",NA,"UA",38,1
"151","DSM","AUS","STL",NA,"WN",166,1
"152","DSM","AVL","ATL",NA,"DL",40,1
"153","DSM","AVL","CLT",NA,"AA",36,1
"154","DSM","AVL","DFW",NA,"AA",2,1
"155","DSM","AVL","DTW","ATL","DL",1,2
"156","DSM","AVL","MSP","ATL","DL",1,2
"157","DSM","AVL","ORD","CLT","AA",1,2
"158","DSM","AVL","ORD",NA,"UA",21,1
"159","DSM","AVP","ATL",NA,"DL",3,1
"160","DSM","AVP","CLT",NA,"AA",7,1
"161","DSM","AVP","DTW",NA,"DL",24,1
"162","DSM","AVP","ORD",NA,"AA",8,1
"163","DSM","AVP","ORD",NA,"UA",13,1
"164","DSM","AVP","PHL",NA,"AA",10,1
"165","DSM","AZO","DTW",NA,"DL",20,1
"166","DSM","AZO","MSP",NA,"DL",8,1
"167","DSM","AZO","ORD",NA,"AA",13,1
"168","DSM","AZO","ORD",NA,"UA",5,1
"169","DSM","BDL","ATL",NA,"DL",29,1
"170","DSM","BDL","CLT",NA,"AA",46,1
"171","DSM","BDL","DCA",NA,"AA",11,1
"172","DSM","BDL","DTW",NA,"DL",135,1
"173","DSM","BDL","MSP",NA,"DL",88,1
"174","DSM","BDL","ORD",NA,"AA",127,1
"175","DSM","BDL","ORD",NA,"UA",95,1
"176","DSM","BDL","PHL",NA,"AA",22,1
"177","DSM","BDL","STL",NA,"WN",7,1
"178","DSM","BET","ORD","ANC","AS",1,2
"179","DSM","BFF","DEN",NA,"UA",9,1
"180","DSM","BFL","DEN",NA,"UA",34,1
"181","DSM","BFL","DFW",NA,"AA",8,1
"182","DSM","BFL","PHX",NA,"AA",20,1
"183","DSM","BGM","DTW",NA,"DL",13,1
"184","DSM","BGR","CLT",NA,"AA",3,1
"185","DSM","BGR","DCA",NA,"AA",8,1
"186","DSM","BGR","LGA",NA,"DL",9,1
"187","DSM","BGR","ORD",NA,"AA",13,1
"188","DSM","BGR","ORD",NA,"UA",10,1
"189","DSM","BGR","PHL",NA,"AA",19,1
"190","DSM","BHM","ATL",NA,"DL",120,1
"191","DSM","BHM","CLT",NA,"AA",24,1
"192","DSM","BHM","DFW",NA,"AA",27,1
"193","DSM","BHM","DTW",NA,"DL",63,1
"194","DSM","BHM","IAH",NA,"UA",6,1
"195","DSM","BHM","ORD",NA,"AA",24,1
"196","DSM","BHM","ORD",NA,"UA",27,1
"197","DSM","BIL","DEN",NA,"UA",61,1
"198","DSM","BIL","DFW",NA,"AA",1,1
"199","DSM","BIL","MSP",NA,"DL",65,1
"200","DSM","BIL","ORD",NA,"UA",1,1
"201","DSM","BIL","SLC",NA,"DL",3,1
"202","DSM","BIS","MSP",NA,"DL",76,1
"203","DSM","BIS","ORD",NA,"UA",4,1
"204","DSM","BJI","MSP",NA,"DL",6,1
"205","DSM","BLI","ORD","SEA","AS",1,2
"206","DSM","BMI","ORD",NA,"AA",9,1
"207","DSM","BNA","ATL",NA,"DL",167,1
"208","DSM","BNA","CLT",NA,"AA",52,1
"209","DSM","BNA","DTW",NA,"DL",98,1
"210","DSM","BNA","MSP",NA,"DL",97,1
"211","DSM","BNA","ORD",NA,"AA",205,1
"212","DSM","BNA","ORD",NA,"UA",160,1
"213","DSM","BNA","STL",NA,"WN",493,1
"214","DSM","BOI","DEN",NA,"UA",179,1
"215","DSM","BOI","DFW",NA,"AA",17,1
"216","DSM","BOI","IAH",NA,"UA",4,1
"217","DSM","BOI","LAS",NA,"WN",6,1
"218","DSM","BOI","MSP","SEA","DL",2,2
"219","DSM","BOI","MSP",NA,"DL",108,1
"220","DSM","BOI","ORD",NA,"UA",6,1
"221","DSM","BOI","PHX",NA,"AA",34,1
"222","DSM","BOI","SLC",NA,"DL",52,1
"223","DSM","BOS","ATL","CVG","DL",1,2
"224","DSM","BOS","ATL",NA,"DL",49,1
"225","DSM","BOS","CLT",NA,"AA",58,1
"226","DSM","BOS","DCA","LGA","AA",1,2
"227","DSM","BOS","DCA",NA,"AA",86,1
"228","DSM","BOS","DEN","EWR","UA",1,2
"229","DSM","BOS","DEN",NA,"UA",2,1
"230","DSM","BOS","DFW",NA,"AA",1,1
"231","DSM","BOS","DTW","PHL","DL",1,2
"232","DSM","BOS","DTW","RDU","DL",1,2
"233","DSM","BOS","DTW",NA,"DL",338,1
"234","DSM","BOS","IAH",NA,"UA",2,1
"235","DSM","BOS","LGA",NA,"DL",130,1
"236","DSM","BOS","MSP","BNA","DL",1,2
"237","DSM","BOS","MSP",NA,"DL",176,1
"238","DSM","BOS","ORD","DCA","AA",1,2
"239","DSM","BOS","ORD","EWR","UA",1,2
"240","DSM","BOS","ORD","IAD","UA",1,2
"241","DSM","BOS","ORD","LGA","AA",1,2
"242","DSM","BOS","ORD","PHL","AA",1,2
"243","DSM","BOS","ORD",NA,"AA",295,1
"244","DSM","BOS","ORD",NA,"UA",368,1
"245","DSM","BOS","PHL",NA,"AA",144,1
"246","DSM","BOS","STL","MKE","WN",1,2
"247","DSM","BOS","STL",NA,"WN",205,1
"248","DSM","BPT","DFW",NA,"AA",15,1
"249","DSM","BQK","ATL",NA,"DL",16,1
"250","DSM","BQK","MSP","ATL","DL",1,2
"251","DSM","BQN","ORD","EWR","UA",4,2
"252","DSM","BRD","MSP",NA,"DL",8,1
"253","DSM","BRO","DEN",NA,"UA",1,1
"254","DSM","BRO","DFW",NA,"AA",59,1
"255","DSM","BRO","IAH",NA,"UA",36,1
"256","DSM","BRO","ORD","DFW","AA",1,2
"257","DSM","BRO","ORD",NA,"UA",6,1
"258","DSM","BTM","SLC",NA,"DL",3,1
"259","DSM","BTR","ATL",NA,"DL",29,1
"260","DSM","BTR","CLT",NA,"AA",2,1
"261","DSM","BTR","DFW",NA,"AA",52,1
"262","DSM","BTR","DTW","ATL","DL",1,2
"263","DSM","BTR","IAH",NA,"UA",36,1
"264","DSM","BTV","CLT",NA,"AA",6,1
"265","DSM","BTV","DCA",NA,"AA",11,1
"266","DSM","BTV","DTW",NA,"DL",46,1
"267","DSM","BTV","LGA",NA,"DL",1,1
"268","DSM","BTV","ORD","IAD","UA",1,2
"269","DSM","BTV","ORD",NA,"AA",7,1
"270","DSM","BTV","ORD",NA,"UA",59,1
"271","DSM","BTV","PHL",NA,"AA",15,1
"272","DSM","BUF","ATL",NA,"DL",24,1
"273","DSM","BUF","CLT",NA,"AA",4,1
"274","DSM","BUF","DTW","LGA","DL",1,2
"275","DSM","BUF","DTW",NA,"DL",83,1
"276","DSM","BUF","LGA",NA,"DL",3,1
"277","DSM","BUF","MSP",NA,"DL",10,1
"278","DSM","BUF","ORD",NA,"AA",51,1
"279","DSM","BUF","ORD",NA,"UA",48,1
"280","DSM","BUF","PHL",NA,"AA",10,1
"281","DSM","BUF","STL",NA,"WN",1,1
"282","DSM","BUR","DEN",NA,"UA",101,1
"283","DSM","BUR","DFW","PHX","AA",1,2
"284","DSM","BUR","DFW",NA,"AA",25,1
"285","DSM","BUR","IAH","SFO","UA",1,2
"286","DSM","BUR","LAS",NA,"WN",206,1
"287","DSM","BUR","PHX",NA,"AA",128,1
"288","DSM","BUR","PHX",NA,"WN",8,1
"289","DSM","BUR","SLC",NA,"DL",23,1
"290","DSM","BWI","ATL",NA,"DL",80,1
"291","DSM","BWI","CLT",NA,"AA",66,1
"292","DSM","BWI","DFW",NA,"AA",2,1
"293","DSM","BWI","DTW",NA,"DL",172,1
"294","DSM","BWI","IAH",NA,"UA",1,1
"295","DSM","BWI","MSP","DTW","DL",1,2
"296","DSM","BWI","MSP",NA,"DL",107,1
"297","DSM","BWI","ORD",NA,"AA",76,1
"298","DSM","BWI","ORD",NA,"UA",96,1
"299","DSM","BWI","PHL",NA,"AA",12,1
"300","DSM","BWI","STL",NA,"WN",354,1
"301","DSM","BZN","DEN",NA,"UA",92,1
"302","DSM","BZN","DFW",NA,"AA",5,1
"303","DSM","BZN","MSP",NA,"DL",79,1
"304","DSM","BZN","ORD","DEN","UA",1,2
"305","DSM","BZN","ORD",NA,"AA",2,1
"306","DSM","BZN","ORD",NA,"UA",6,1
"307","DSM","BZN","SLC",NA,"DL",4,1
"308","DSM","CAE","ATL",NA,"DL",84,1
"309","DSM","CAE","CLT",NA,"AA",66,1
"310","DSM","CAE","DCA",NA,"AA",2,1
"311","DSM","CAE","DFW",NA,"AA",11,1
"312","DSM","CAE","DTW","ATL","DL",2,2
"313","DSM","CAE","ORD","CLT","AA",1,2
"314","DSM","CAE","ORD",NA,"UA",28,1
"315","DSM","CAE","PHL",NA,"AA",16,1
"316","DSM","CAK","ATL",NA,"DL",35,1
"317","DSM","CAK","CLT",NA,"AA",12,1
"318","DSM","CAK","ORD",NA,"AA",37,1
"319","DSM","CAK","ORD",NA,"UA",51,1
"320","DSM","CAK","PHL",NA,"AA",1,1
"321","DSM","CDC","MSP","SLC","DL",1,2
"322","DSM","CDC","SLC",NA,"DL",2,1
"323","DSM","CGI","ORD",NA,"UA",2,1
"324","DSM","CHA","ATL",NA,"DL",40,1
"325","DSM","CHA","CLT",NA,"AA",19,1
"326","DSM","CHA","DCA",NA,"AA",6,1
"327","DSM","CHA","DFW",NA,"AA",8,1
"328","DSM","CHA","DTW","ATL","DL",2,2
"329","DSM","CHA","DTW",NA,"DL",10,1
"330","DSM","CHA","ORD",NA,"AA",8,1
"331","DSM","CHA","ORD",NA,"UA",22,1
"332","DSM","CHA","PHL",NA,"AA",3,1
"333","DSM","CHO","ATL",NA,"DL",13,1
"334","DSM","CHO","CLT",NA,"AA",54,1
"335","DSM","CHO","ORD","IAD","UA",1,2
"336","DSM","CHO","ORD",NA,"AA",34,1
"337","DSM","CHO","ORD",NA,"UA",21,1
"338","DSM","CHO","PHL",NA,"AA",1,1
"339","DSM","CHS","ATL",NA,"DL",194,1
"340","DSM","CHS","CLT",NA,"AA",119,1
"341","DSM","CHS","DCA",NA,"AA",10,1
"342","DSM","CHS","DFW",NA,"AA",6,1
"343","DSM","CHS","DTW",NA,"DL",24,1
"344","DSM","CHS","IAH",NA,"UA",4,1
"345","DSM","CHS","LGA",NA,"DL",1,1
"346","DSM","CHS","MSP","ATL","DL",3,2
"347","DSM","CHS","MSP",NA,"DL",1,1
"348","DSM","CHS","ORD","CLT","AA",2,2
"349","DSM","CHS","ORD","IAD","UA",1,2
"350","DSM","CHS","ORD",NA,"AA",16,1
"351","DSM","CHS","ORD",NA,"UA",36,1
"352","DSM","CHS","PHL","CLT","AA",1,2
"353","DSM","CHS","PHL",NA,"AA",17,1
"354","DSM","CHS","STL",NA,"WN",8,1
"355","DSM","CIU","DTW",NA,"DL",5,1
"356","DSM","CIU","MSP",NA,"DL",4,1
"357","DSM","CKB","ORD",NA,"UA",9,1
"358","DSM","CLE","ATL",NA,"DL",32,1
"359","DSM","CLE","CLT","DCA","AA",1,2
"360","DSM","CLE","CLT",NA,"AA",19,1
"361","DSM","CLE","DTW",NA,"DL",75,1
"362","DSM","CLE","LGA",NA,"DL",1,1
"363","DSM","CLE","MSP",NA,"DL",57,1
"364","DSM","CLE","ORD","CLT","AA",1,2
"365","DSM","CLE","ORD",NA,"AA",114,1
"366","DSM","CLE","ORD",NA,"UA",194,1
"367","DSM","CLE","PHL",NA,"AA",2,1
"368","DSM","CLE","STL",NA,"WN",118,1
"369","DSM","CLL","DEN","IAH","UA",1,2
"370","DSM","CLL","DFW",NA,"AA",31,1
"371","DSM","CLL","IAH",NA,"UA",8,1
"372","DSM","CLL","ORD","DFW","AA",1,2
"373","DSM","CLT","ATL",NA,"DL",78,1
"374","DSM","CLT","DCA","LGA","AA",1,2
"375","DSM","CLT","DCA","RDU","AA",1,2
"376","DSM","CLT","DCA",NA,"AA",7,1
"377","DSM","CLT","DFW",NA,"AA",12,1
"378","DSM","CLT","DTW","ATL","DL",1,2
"379","DSM","CLT","DTW",NA,"DL",62,1
"380","DSM","CLT","IAH",NA,"UA",6,1
"381","DSM","CLT","LGA",NA,"DL",6,1
"382","DSM","CLT","MSP",NA,"DL",42,1
"383","DSM","CLT","ORD","BNA","AA",12,2
"384","DSM","CLT","ORD","BUF","AA",1,2
"385","DSM","CLT","ORD","BWI","AA",1,2
"386","DSM","CLT","ORD","CAK","AA",6,2
"387","DSM","CLT","ORD","CHA","AA",3,2
"388","DSM","CLT","ORD","CLE","AA",6,2
"389","DSM","CLT","ORD","CMH","AA",1,2
"390","DSM","CLT","ORD","CVG","AA",4,2
"391","DSM","CLT","ORD","DAY","AA",1,2
"392","DSM","CLT","ORD","ERI","AA",2,2
"393","DSM","CLT","ORD","EWR","UA",1,2
"394","DSM","CLT","ORD","GSP","AA",1,2
"395","DSM","CLT","ORD","HSV","AA",2,2
"396","DSM","CLT","ORD","IND","AA",2,2
"397","DSM","CLT","ORD","LEX","AA",3,2
"398","DSM","CLT","ORD","MDT","AA",1,2
"399","DSM","CLT","ORD","MEM","AA",4,2
"400","DSM","CLT","ORD","MSP","AA",1,2
"401","DSM","CLT","ORD","PIT","AA",6,2
"402","DSM","CLT","ORD","SDF","AA",8,2
"403","DSM","CLT","ORD","TYS","AA",11,2
"404","DSM","CLT","ORD","XNA","AA",1,2
"405","DSM","CLT","ORD",NA,"AA",148,1
"406","DSM","CLT","ORD",NA,"UA",75,1
"407","DSM","CLT","PHL","BTV","AA",1,2
"408","DSM","CLT","PHL","PBI","AA",1,2
"409","DSM","CLT","PHL",NA,"AA",9,1
"410","DSM","CLT","STL",NA,"WN",3,1
"411","DSM","CMH","ATL",NA,"DL",48,1
"412","DSM","CMH","CLT",NA,"AA",1,1
"413","DSM","CMH","DCA",NA,"AA",2,1
"414","DSM","CMH","DTW",NA,"DL",190,1
"415","DSM","CMH","LGA",NA,"DL",1,1
"416","DSM","CMH","MSP",NA,"DL",105,1
"417","DSM","CMH","ORD",NA,"AA",220,1
"418","DSM","CMH","ORD",NA,"UA",172,1
"419","DSM","CMH","PHL",NA,"AA",1,1
"420","DSM","CMH","STL",NA,"WN",309,1
"421","DSM","CMI","ORD",NA,"AA",20,1
"422","DSM","CMX","ORD",NA,"UA",1,1
"423","DSM","CNY","DEN",NA,"UA",13,1
"424","DSM","COD","DEN",NA,"UA",23,1
"425","DSM","COS","DEN",NA,"UA",170,1
"426","DSM","COS","DFW",NA,"AA",40,1
"427","DSM","COS","ORD","DEN","UA",1,2
"428","DSM","COS","ORD",NA,"AA",3,1
"429","DSM","COS","ORD",NA,"UA",7,1
"430","DSM","COS","SLC",NA,"DL",2,1
"431","DSM","CPR","DEN",NA,"UA",23,1
"432","DSM","CPR","SLC",NA,"DL",4,1
"433","DSM","CRP","DFW",NA,"AA",79,1
"434","DSM","CRP","IAH",NA,"UA",42,1
"435","DSM","CRP","ORD","IAH","UA",1,2
"436","DSM","CRW","ATL",NA,"DL",6,1
"437","DSM","CRW","CLT",NA,"AA",10,1
"438","DSM","CRW","DCA",NA,"AA",2,1
"439","DSM","CRW","ORD","CLT","AA",1,2
"440","DSM","CRW","ORD",NA,"AA",2,1
"441","DSM","CRW","ORD",NA,"UA",25,1
"442","DSM","CRW","PHL",NA,"AA",2,1
"443","DSM","CSG","ATL",NA,"DL",18,1
"444","DSM","CVG","ATL",NA,"DL",24,1
"445","DSM","CVG","CLT",NA,"AA",11,1
"446","DSM","CVG","DTW",NA,"DL",92,1
"447","DSM","CVG","MSP","ORD","DL",1,2
"448","DSM","CVG","MSP",NA,"DL",116,1
"449","DSM","CVG","ORD",NA,"AA",113,1
"450","DSM","CVG","ORD",NA,"UA",92,1
"451","DSM","CWA","MSP",NA,"DL",13,1
"452","DSM","CWA","ORD",NA,"AA",6,1
"453","DSM","CWA","ORD",NA,"UA",2,1
"454","DSM","DAB","ATL",NA,"DL",100,1
"455","DSM","DAB","CLT",NA,"AA",25,1
"456","DSM","DAB","DCA","CLT","AA",2,2
"457","DSM","DAB","DTW","ATL","DL",1,2
"458","DSM","DAL","STL","SAT","WN",2,2
"459","DSM","DAL","STL",NA,"WN",324,1
"460","DSM","DAY","ATL",NA,"DL",12,1
"461","DSM","DAY","CLT",NA,"AA",6,1
"462","DSM","DAY","DTW",NA,"DL",38,1
"463","DSM","DAY","MSP",NA,"DL",34,1
"464","DSM","DAY","ORD",NA,"AA",68,1
"465","DSM","DAY","ORD",NA,"UA",48,1
"466","DSM","DAY","PHL",NA,"AA",2,1
"467","DSM","DBQ","ORD",NA,"AA",1,1
"468","DSM","DCA","ATL",NA,"DL",87,1
"469","DSM","DCA","CLT","GSO","AA",2,2
"470","DSM","DCA","CLT","GSP","AA",1,2
"471","DSM","DCA","CLT","SDF","AA",1,2
"472","DSM","DCA","CLT",NA,"AA",108,1
"473","DSM","DCA","DFW",NA,"AA",11,1
"474","DSM","DCA","DTW",NA,"DL",211,1
"475","DSM","DCA","IAH",NA,"UA",4,1
"476","DSM","DCA","LGA",NA,"DL",33,1
"477","DSM","DCA","MSP",NA,"DL",105,1
"478","DSM","DCA","ORD","BNA","AA",1,2
"479","DSM","DCA","ORD","BOS","AA",1,2
"480","DSM","DCA","ORD","BUF","AA",1,2
"481","DSM","DCA","ORD","DAY","AA",1,2
"482","DSM","DCA","ORD","GSP","AA",1,2
"483","DSM","DCA","ORD","IND","AA",1,2
"484","DSM","DCA","ORD","PIT","AA",3,2
"485","DSM","DCA","ORD","ROC","AA",2,2
"486","DSM","DCA","ORD","STL","AA",1,2
"487","DSM","DCA","ORD","TYS","AA",2,2
"488","DSM","DCA","ORD",NA,"AA",316,1
"489","DSM","DCA","ORD",NA,"UA",431,1
"490","DSM","DCA","PHL",NA,"AA",25,1
"491","DSM","DCA","STL",NA,"WN",326,1
"492","DSM","DDC","DEN",NA,"UA",2,1
"493","DSM","DEN","MSP",NA,"DL",171,1
"494","DSM","DEN","ORD","MKE","UA",1,2
"495","DSM","DEN","ORD",NA,"AA",52,1
"496","DSM","DEN","ORD",NA,"UA",69,1
"497","DSM","DEN","SLC",NA,"DL",8,1
"498","DSM","DEN","STL",NA,"WN",165,1
"499","DSM","DFW","DEN",NA,"F9",34,1
"500","DSM","DFW","DEN",NA,"UA",50,1
"501","DSM","DFW","IAH",NA,"UA",119,1
"502","DSM","DFW","MSP",NA,"DL",104,1
"503","DSM","DFW","ORD","IAH","UA",1,2
"504","DSM","DFW","ORD","IND","AA",1,2
"505","DSM","DFW","ORD",NA,"AA",105,1
"506","DSM","DFW","ORD",NA,"UA",82,1
"507","DSM","DHN","ATL",NA,"DL",13,1
"508","DSM","DIK","DEN",NA,"UA",3,1
"509","DSM","DLH","MSP",NA,"DL",22,1
"510","DSM","DLH","ORD",NA,"UA",2,1
"511","DSM","DRO","DEN",NA,"UA",47,1
"512","DSM","DRO","DFW",NA,"AA",6,1
"513","DSM","DRO","PHX",NA,"AA",4,1
"514","DSM","DRT","DFW",NA,"AA",7,1
"515","DSM","DTW","ATL","GSO","DL",1,2
"516","DSM","DTW","MSP","ATW","DL",3,2
"517","DSM","DTW","MSP","CWA","DL",1,2
"518","DSM","DTW","MSP","GRB","DL",6,2
"519","DSM","DTW","MSP","IND","DL",1,2
"520","DSM","DTW","MSP","MKE","DL",9,2
"521","DSM","DTW","MSP","ORD","DL",1,2
"522","DSM","DTW","MSP",NA,"DL",15,1
"523","DSM","DTW","ORD",NA,"AA",48,1
"524","DSM","DTW","ORD",NA,"UA",87,1
"525","DSM","DTW","STL",NA,"WN",59,1
"526","DSM","ECP","ATL",NA,"DL",111,1
"527","DSM","ECP","CLT",NA,"AA",17,1
"528","DSM","ECP","DFW",NA,"AA",15,1
"529","DSM","ECP","DTW","ATL","DL",1,2
"530","DSM","ECP","IAH",NA,"UA",10,1
"531","DSM","ECP","MSP","ATL","DL",1,2
"532","DSM","ECP","ORD","IAH","UA",1,2
"533","DSM","ECP","ORD",NA,"AA",1,1
"534","DSM","ECP","ORD",NA,"UA",1,1
"535","DSM","ECP","PHL","CLT","AA",2,2
"536","DSM","ECP","STL",NA,"WN",5,1
"537","DSM","EGE","DEN",NA,"UA",35,1
"538","DSM","EGE","DFW",NA,"AA",2,1
"539","DSM","EGE","ORD",NA,"AA",2,1
"540","DSM","EGE","ORD",NA,"UA",2,1
"541","DSM","ELM","DTW",NA,"DL",30,1
"542","DSM","ELP","ATL",NA,"DL",4,1
"543","DSM","ELP","DEN",NA,"F9",4,1
"544","DSM","ELP","DEN",NA,"UA",48,1
"545","DSM","ELP","DFW",NA,"AA",146,1
"546","DSM","ELP","IAH",NA,"UA",22,1
"547","DSM","ELP","LAS",NA,"WN",4,1
"548","DSM","ELP","ORD","DFW","AA",1,2
"549","DSM","ELP","ORD",NA,"AA",9,1
"550","DSM","ELP","ORD",NA,"UA",8,1
"551","DSM","ELP","PHX",NA,"AA",16,1
"552","DSM","ELP","PHX",NA,"WN",10,1
"553","DSM","ERI","CLT",NA,"AA",1,1
"554","DSM","ERI","DTW",NA,"DL",7,1
"555","DSM","ERI","ORD",NA,"AA",3,1
"556","DSM","ERI","ORD",NA,"UA",11,1
"557","DSM","ERI","PHL",NA,"AA",1,1
"558","DSM","EUG","DEN","SFO","UA",1,2
"559","DSM","EUG","DEN",NA,"UA",104,1
"560","DSM","EUG","MSP","SEA","DL",6,2
"561","DSM","EUG","ORD",NA,"UA",1,1
"562","DSM","EUG","PHX","LAX","AA",1,2
"563","DSM","EUG","PHX",NA,"AA",3,1
"564","DSM","EUG","SLC",NA,"DL",9,1
"565","DSM","EVV","ATL",NA,"DL",8,1
"566","DSM","EVV","DTW",NA,"DL",19,1
"567","DSM","EVV","ORD",NA,"AA",24,1
"568","DSM","EVV","ORD",NA,"UA",14,1
"569","DSM","EWN","ATL",NA,"DL",6,1
"570","DSM","EWN","CLT",NA,"AA",27,1
"571","DSM","EWN","DCA","CLT","AA",1,2
"572","DSM","EWN","ORD","CLT","AA",1,2
"573","DSM","EWR","ATL",NA,"DL",44,1
"574","DSM","EWR","CLT",NA,"AA",92,1
"575","DSM","EWR","DCA","ORD","AA",1,2
"576","DSM","EWR","DEN",NA,"UA",23,1
"577","DSM","EWR","DFW",NA,"AA",2,1
"578","DSM","EWR","DTW",NA,"DL",167,1
"579","DSM","EWR","IAH","MSY","UA",1,2
"580","DSM","EWR","IAH",NA,"UA",9,1
"581","DSM","EWR","MSP",NA,"DL",76,1
"582","DSM","EWR","ORD","BOS","UA",1,2
"583","DSM","EWR","ORD","CMH","UA",2,2
"584","DSM","EWR","ORD","DCA","UA",1,2
"585","DSM","EWR","ORD","JAX","UA",1,2
"586","DSM","EWR","ORD","OMA","UA",1,2
"587","DSM","EWR","ORD","ROC","UA",2,2
"588","DSM","EWR","ORD","STL","UA",1,2
"589","DSM","EWR","ORD",NA,"AA",163,1
"590","DSM","EWR","ORD",NA,"UA",485,1
"591","DSM","EWR","STL",NA,"WN",128,1
"592","DSM","EYW","ATL",NA,"DL",98,1
"593","DSM","EYW","CLT","MIA","AA",2,2
"594","DSM","EYW","CLT",NA,"AA",17,1
"595","DSM","EYW","DCA","MIA","AA",1,2
"596","DSM","EYW","DCA",NA,"AA",2,1
"597","DSM","EYW","DFW","MIA","AA",1,2
"598","DSM","EYW","DFW",NA,"AA",24,1
"599","DSM","EYW","DTW","ATL","DL",3,2
"600","DSM","EYW","MSP","ATL","DL",2,2
"601","DSM","EYW","ORD","EWR","UA",2,2
"602","DSM","EYW","ORD","FLL","UA",3,2
"603","DSM","EYW","ORD","MIA","AA",2,2
"604","DSM","EYW","ORD",NA,"AA",3,1
"605","DSM","EYW","ORD",NA,"UA",18,1
"606","DSM","EYW","PHL","CLT","AA",1,2
"607","DSM","EYW","PHL","MIA","AA",2,2
"608","DSM","EYW","PHL",NA,"AA",2,1
"609","DSM","FAI","DEN","SFO","UA",3,2
"610","DSM","FAI","DEN",NA,"UA",6,1
"611","DSM","FAI","DFW","SEA","AA",5,2
"612","DSM","FAI","MSP","SEA","DL",8,2
"613","DSM","FAI","MSP",NA,"DL",16,1
"614","DSM","FAI","ORD","SEA","AA",1,2
"615","DSM","FAI","ORD","SEA","AS",1,2
"616","DSM","FAI","ORD",NA,"UA",10,1
"617","DSM","FAR","MSP",NA,"DL",118,1
"618","DSM","FAR","ORD",NA,"AA",7,1
"619","DSM","FAR","ORD",NA,"UA",14,1
"620","DSM","FAT","DEN","LAX","UA",1,2
"621","DSM","FAT","DEN","SFO","UA",1,2
"622","DSM","FAT","DEN",NA,"UA",108,1
"623","DSM","FAT","DFW","PHX","AA",1,2
"624","DSM","FAT","DFW",NA,"AA",42,1
"625","DSM","FAT","ORD",NA,"UA",3,1
"626","DSM","FAT","PHX",NA,"AA",114,1
"627","DSM","FAT","SLC",NA,"DL",9,1
"628","DSM","FAY","ATL",NA,"DL",25,1
"629","DSM","FAY","CLT",NA,"AA",35,1
"630","DSM","FAY","DCA","CLT","AA",1,2
"631","DSM","FAY","ORD","CLT","AA",1,2
"632","DSM","FCA","DEN",NA,"UA",55,1
"633","DSM","FCA","DFW",NA,"AA",2,1
"634","DSM","FCA","MSP","SLC","DL",1,2
"635","DSM","FCA","MSP",NA,"DL",30,1
"636","DSM","FCA","ORD",NA,"AA",1,1
"637","DSM","FCA","ORD",NA,"UA",1,1
"638","DSM","FCA","SLC",NA,"DL",8,1
"639","DSM","FLG","DEN",NA,"UA",17,1
"640","DSM","FLG","DFW","PHX","AA",1,2
"641","DSM","FLG","DFW",NA,"AA",6,1
"642","DSM","FLG","PHX",NA,"AA",22,1
"643","DSM","FLL","ATL",NA,"DL",375,1
"644","DSM","FLL","CLT",NA,"AA",136,1
"645","DSM","FLL","DCA","CLT","AA",1,2
"646","DSM","FLL","DEN",NA,"F9",7,1
"647","DSM","FLL","DEN",NA,"UA",7,1
"648","DSM","FLL","DFW",NA,"AA",86,1
"649","DSM","FLL","DTW","BOS","DL",1,2
"650","DSM","FLL","DTW",NA,"DL",103,1
"651","DSM","FLL","IAH",NA,"UA",82,1
"652","DSM","FLL","LGA",NA,"DL",17,1
"653","DSM","FLL","MSP",NA,"DL",40,1
"654","DSM","FLL","ORD","CLT","AA",2,2
"655","DSM","FLL","ORD",NA,"AA",21,1
"656","DSM","FLL","ORD",NA,"UA",115,1
"657","DSM","FLL","PHL","CLT","AA",1,2
"658","DSM","FLL","PHL",NA,"AA",43,1
"659","DSM","FLL","STL",NA,"WN",97,1
"660","DSM","FLO","CLT",NA,"AA",19,1
"661","DSM","FLO","ORD","CLT","AA",2,2
"662","DSM","FNT","ORD",NA,"AA",21,1
"663","DSM","FNT","ORD",NA,"UA",14,1
"664","DSM","FSD","MSP",NA,"DL",28,1
"665","DSM","FSM","DFW",NA,"AA",18,1
"666","DSM","FWA","DTW",NA,"DL",27,1
"667","DSM","FWA","MSP","DTW","DL",2,2
"668","DSM","FWA","MSP",NA,"DL",5,1
"669","DSM","FWA","ORD",NA,"AA",35,1
"670","DSM","FWA","ORD",NA,"UA",18,1
"671","DSM","GCC","DEN",NA,"UA",5,1
"672","DSM","GCK","DFW",NA,"AA",4,1
"673","DSM","GEG","DEN",NA,"UA",132,1
"674","DSM","GEG","DFW",NA,"AA",11,1
"675","DSM","GEG","DTW","SLC","DL",1,2
"676","DSM","GEG","LAS",NA,"WN",7,1
"677","DSM","GEG","MSP",NA,"DL",110,1
"678","DSM","GEG","ORD","PDX","AA",1,2
"679","DSM","GEG","ORD",NA,"UA",9,1
"680","DSM","GEG","PHX",NA,"AA",24,1
"681","DSM","GEG","PHX",NA,"WN",1,1
"682","DSM","GEG","SLC","SEA","DL",1,2
"683","DSM","GEG","SLC",NA,"DL",30,1
"684","DSM","GFK","MSP",NA,"DL",34,1
"685","DSM","GGG","DFW",NA,"AA",18,1
"686","DSM","GJT","DEN",NA,"UA",52,1
"687","DSM","GJT","DFW",NA,"AA",13,1
"688","DSM","GJT","PHX",NA,"AA",1,1
"689","DSM","GJT","SLC",NA,"DL",1,1
"690","DSM","GNV","ATL",NA,"DL",53,1
"691","DSM","GNV","CLT",NA,"AA",29,1
"692","DSM","GNV","DCA","CLT","AA",1,2
"693","DSM","GNV","DFW",NA,"AA",1,1
"694","DSM","GNV","MSP","ATL","DL",1,2
"695","DSM","GPT","ATL",NA,"DL",44,1
"696","DSM","GPT","CLT",NA,"AA",7,1
"697","DSM","GPT","DFW",NA,"AA",27,1
"698","DSM","GPT","DTW","ATL","DL",2,2
"699","DSM","GPT","IAH",NA,"UA",7,1
"700","DSM","GRB","DTW",NA,"DL",9,1
"701","DSM","GRB","MSP",NA,"DL",38,1
"702","DSM","GRB","ORD",NA,"AA",28,1
"703","DSM","GRB","ORD",NA,"UA",22,1
"704","DSM","GRK","DFW",NA,"AA",78,1
"705","DSM","GRK","IAH",NA,"UA",10,1
"706","DSM","GRR","DTW",NA,"DL",76,1
"707","DSM","GRR","MSP",NA,"DL",76,1
"708","DSM","GRR","ORD",NA,"AA",80,1
"709","DSM","GRR","ORD",NA,"UA",56,1
"710","DSM","GSO","ATL",NA,"DL",103,1
"711","DSM","GSO","CLT",NA,"AA",62,1
"712","DSM","GSO","DCA",NA,"AA",2,1
"713","DSM","GSO","DFW",NA,"AA",1,1
"714","DSM","GSO","DTW",NA,"DL",68,1
"715","DSM","GSO","LGA",NA,"DL",2,1
"716","DSM","GSO","ORD",NA,"AA",34,1
"717","DSM","GSO","ORD",NA,"UA",17,1
"718","DSM","GSO","PHL",NA,"AA",6,1
"719","DSM","GSP","ATL",NA,"DL",142,1
"720","DSM","GSP","CLT",NA,"AA",58,1
"721","DSM","GSP","DCA",NA,"AA",4,1
"722","DSM","GSP","DFW",NA,"AA",9,1
"723","DSM","GSP","DTW",NA,"DL",23,1
"724","DSM","GSP","LGA",NA,"DL",1,1
"725","DSM","GSP","ORD","DCA","AA",1,2
"726","DSM","GSP","ORD",NA,"AA",14,1
"727","DSM","GSP","ORD",NA,"UA",33,1
"728","DSM","GSP","PHL",NA,"AA",13,1
"729","DSM","GTF","DEN",NA,"UA",11,1
"730","DSM","GTF","MSP","SLC","DL",2,2
"731","DSM","GTF","MSP",NA,"DL",17,1
"732","DSM","GTF","SLC",NA,"DL",3,1
"733","DSM","GTR","ATL",NA,"DL",11,1
"734","DSM","GUC","DEN",NA,"UA",2,1
"735","DSM","GUC","DFW",NA,"AA",1,1
"736","DSM","GUM","DEN","HNL","UA",2,2
"737","DSM","GUM","IAH","HNL","UA",1,2
"738","DSM","GUM","ORD","HNL","UA",1,2
"739","DSM","HDN","DEN",NA,"UA",28,1
"740","DSM","HDN","MSP",NA,"DL",4,1
"741","DSM","HHH","ATL",NA,"DL",16,1
"742","DSM","HHH","CLT",NA,"AA",20,1
"743","DSM","HHH","ORD","CLT","AA",1,2
"744","DSM","HHH","ORD",NA,"UA",4,1
"745","DSM","HIB","MSP",NA,"DL",6,1
"746","DSM","HLN","DEN",NA,"UA",11,1
"747","DSM","HLN","DTW","MSP","DL",1,2
"748","DSM","HLN","MSP",NA,"DL",14,1
"749","DSM","HLN","SLC",NA,"DL",5,1
"750","DSM","HNL","ATL","LAX","DL",1,2
"751","DSM","HNL","ATL",NA,"DL",6,1
"752","DSM","HNL","DEN","LAX","UA",9,2
"753","DSM","HNL","DEN","OGG","UA",3,2
"754","DSM","HNL","DEN","SFO","UA",8,2
"755","DSM","HNL","DEN",NA,"UA",120,1
"756","DSM","HNL","DFW","LAX","AA",3,2
"757","DSM","HNL","DFW","PHX","AA",1,2
"758","DSM","HNL","DFW",NA,"AA",60,1
"759","DSM","HNL","DTW","SEA","DL",2,2
"760","DSM","HNL","DTW",NA,"DL",2,1
"761","DSM","HNL","IAH",NA,"UA",27,1
"762","DSM","HNL","MSP","LAX","DL",8,2
"763","DSM","HNL","MSP","PDX","DL",2,2
"764","DSM","HNL","MSP","SEA","DL",4,2
"765","DSM","HNL","MSP",NA,"DL",26,1
"766","DSM","HNL","ORD","DEN","UA",1,2
"767","DSM","HNL","ORD","LAX","AA",2,2
"768","DSM","HNL","ORD","LAX","UA",1,2
"769","DSM","HNL","ORD","SFO","UA",6,2
"770","DSM","HNL","ORD",NA,"AA",10,1
"771","DSM","HNL","ORD",NA,"UA",16,1
"772","DSM","HNL","PHX","KOA","AA",1,2
"773","DSM","HNL","PHX","LAX","AA",9,2
"774","DSM","HNL","PHX","LIH","AA",1,2
"775","DSM","HNL","PHX","OGG","AA",1,2
"776","DSM","HNL","PHX",NA,"AA",127,1
"777","DSM","HNL","SLC",NA,"DL",6,1
"778","DSM","HOB","DEN",NA,"UA",3,1
"779","DSM","HOB","IAH",NA,"UA",6,1
"780","DSM","HOU","ATL",NA,"DL",20,1
"781","DSM","HOU","DFW",NA,"AA",103,1
"782","DSM","HOU","MSP","ATL","DL",1,2
"783","DSM","HOU","STL","ATL","WN",1,2
"784","DSM","HOU","STL","DAL","WN",1,2
"785","DSM","HOU","STL",NA,"WN",225,1
"786","DSM","HPN","ATL",NA,"DL",8,1
"787","DSM","HPN","CLT",NA,"AA",10,1
"788","DSM","HPN","DCA",NA,"AA",18,1
"789","DSM","HPN","DTW",NA,"DL",89,1
"790","DSM","HPN","ORD",NA,"AA",39,1
"791","DSM","HPN","ORD",NA,"UA",21,1
"792","DSM","HRL","DFW",NA,"AA",26,1
"793","DSM","HRL","IAH",NA,"UA",33,1
"794","DSM","HRL","MSP",NA,"DL",4,1
"795","DSM","HRL","ORD","DFW","AA",1,2
"796","DSM","HRL","ORD","IAH","UA",1,2
"797","DSM","HSV","ATL",NA,"DL",40,1
"798","DSM","HSV","CLT",NA,"AA",9,1
"799","DSM","HSV","DFW",NA,"AA",22,1
"800","DSM","HSV","DTW",NA,"DL",8,1
"801","DSM","HSV","IAH",NA,"UA",7,1
"802","DSM","HSV","ORD",NA,"AA",13,1
"803","DSM","HSV","ORD",NA,"UA",24,1
"804","DSM","HTS","CLT",NA,"AA",5,1
"805","DSM","HVN","CLT","PHL","AA",1,2
"806","DSM","HVN","DCA","PHL","AA",1,2
"807","DSM","HVN","PHL",NA,"AA",8,1
"808","DSM","HYS","DEN",NA,"UA",2,1
"809","DSM","IAD","ATL",NA,"DL",33,1
"810","DSM","IAD","CLT",NA,"AA",48,1
"811","DSM","IAD","DFW",NA,"AA",1,1
"812","DSM","IAD","DTW",NA,"DL",131,1
"813","DSM","IAD","MSP",NA,"DL",43,1
"814","DSM","IAD","ORD","ATL","UA",1,2
"815","DSM","IAD","ORD","AVL","UA",1,2
"816","DSM","IAD","ORD","CMH","UA",1,2
"817","DSM","IAD","ORD","DAY","UA",1,2
"818","DSM","IAD","ORD","IND","UA",1,2
"819","DSM","IAD","ORD","MDT","UA",1,2
"820","DSM","IAD","ORD",NA,"UA",198,1
"821","DSM","IAH","ATL",NA,"DL",28,1
"822","DSM","IAH","DEN","ASE","UA",2,2
"823","DSM","IAH","DEN","DFW","UA",2,2
"824","DSM","IAH","DEN",NA,"F9",10,1
"825","DSM","IAH","DEN",NA,"UA",18,1
"826","DSM","IAH","DFW",NA,"AA",187,1
"827","DSM","IAH","DTW",NA,"DL",14,1
"828","DSM","IAH","MSP",NA,"DL",43,1
"829","DSM","IAH","ORD","BNA","UA",1,2
"830","DSM","IAH","ORD","DFW","AA",1,2
"831","DSM","IAH","ORD","MEM","UA",8,2
"832","DSM","IAH","ORD",NA,"AA",10,1
"833","DSM","IAH","ORD",NA,"UA",39,1
"834","DSM","ICT","DFW",NA,"AA",31,1
"835","DSM","ICT","STL",NA,"WN",16,1
"836","DSM","IDA","DEN",NA,"UA",36,1
"837","DSM","IDA","MSP","SLC","DL",3,2
"838","DSM","IDA","MSP",NA,"DL",1,1
"839","DSM","IDA","SLC",NA,"DL",6,1
"840","DSM","ILM","ATL",NA,"DL",36,1
"841","DSM","ILM","CLT",NA,"AA",108,1
"842","DSM","ILM","DCA",NA,"AA",4,1
"843","DSM","ILM","DFW","CLT","AA",1,2
"844","DSM","ILM","DFW",NA,"AA",5,1
"845","DSM","ILM","DTW","ATL","DL",1,2
"846","DSM","ILM","ORD","CLT","AA",1,2
"847","DSM","ILM","ORD",NA,"AA",3,1
"848","DSM","ILM","ORD",NA,"UA",13,1
"849","DSM","ILM","PHL",NA,"AA",9,1
"850","DSM","IMT","DTW",NA,"DL",2,1
"851","DSM","IMT","MSP",NA,"DL",3,1
"852","DSM","IND","DTW",NA,"DL",219,1
"853","DSM","IND","MSP",NA,"DL",181,1
"854","DSM","IND","ORD",NA,"AA",299,1
"855","DSM","IND","ORD",NA,"UA",170,1
"856","DSM","INL","MSP",NA,"DL",7,1
"857","DSM","IPT","PHL",NA,"AA",2,1
"858","DSM","ISN","DEN",NA,"UA",3,1
"859","DSM","ISN","MSP",NA,"DL",17,1
"860","DSM","ISP","ORD","PHL","AA",2,2
"861","DSM","ISP","PHL",NA,"AA",7,1
"862","DSM","ITH","DTW",NA,"DL",29,1
"863","DSM","ITH","PHL",NA,"AA",2,1
"864","DSM","ITO","DEN","HNL","UA",1,2
"865","DSM","ITO","DEN","LAX","UA",4,2
"866","DSM","ITO","MSP","HNL","DL",1,2
"867","DSM","ITO","PHX","HNL","AA",1,2
"868","DSM","JAC","DEN",NA,"UA",44,1
"869","DSM","JAC","DFW",NA,"AA",4,1
"870","DSM","JAC","MSP","SLC","DL",2,2
"871","DSM","JAC","MSP",NA,"DL",4,1
"872","DSM","JAC","ORD",NA,"AA",2,1
"873","DSM","JAC","ORD",NA,"UA",5,1
"874","DSM","JAC","PHX",NA,"AA",1,1
"875","DSM","JAC","SLC",NA,"DL",4,1
"876","DSM","JAN","ATL",NA,"DL",33,1
"877","DSM","JAN","CLT",NA,"AA",10,1
"878","DSM","JAN","DFW",NA,"AA",46,1
"879","DSM","JAN","IAH",NA,"UA",10,1
"880","DSM","JAN","ORD",NA,"UA",3,1
"881","DSM","JAX","ATL",NA,"DL",240,1
"882","DSM","JAX","CLT","MIA","AA",1,2
"883","DSM","JAX","CLT",NA,"AA",112,1
"884","DSM","JAX","DCA",NA,"AA",9,1
"885","DSM","JAX","DEN",NA,"UA",1,1
"886","DSM","JAX","DFW",NA,"AA",37,1
"887","DSM","JAX","DTW","RDU","DL",1,2
"888","DSM","JAX","DTW",NA,"DL",33,1
"889","DSM","JAX","IAH",NA,"UA",35,1
"890","DSM","JAX","LGA",NA,"DL",1,1
"891","DSM","JAX","MSP",NA,"DL",26,1
"892","DSM","JAX","ORD",NA,"AA",42,1
"893","DSM","JAX","ORD",NA,"UA",38,1
"894","DSM","JAX","PHL",NA,"AA",27,1
"895","DSM","JFK","ATL","BTV","DL",1,2
"896","DSM","JFK","ATL",NA,"DL",30,1
"897","DSM","JFK","CLT","RDU","AA",1,2
"898","DSM","JFK","CLT",NA,"AA",54,1
"899","DSM","JFK","DCA",NA,"AA",12,1
"900","DSM","JFK","DFW",NA,"AA",1,1
"901","DSM","JFK","DTW","PIT","DL",1,2
"902","DSM","JFK","DTW",NA,"DL",34,1
"903","DSM","JFK","MSP","PIT","DL",1,2
"904","DSM","JFK","MSP",NA,"DL",53,1
"905","DSM","JFK","ORD","CVG","AA",1,2
"906","DSM","JFK","ORD",NA,"AA",29,1
"907","DSM","JFK","PHL",NA,"AA",1,1
"908","DSM","JNU","DFW","SEA","AA",4,2
"909","DSM","JNU","MSP","SEA","DL",6,2
"910","DSM","JNU","ORD","SEA","AA",1,2
"911","DSM","JNU","ORD","SEA","AS",1,2
"912","DSM","KOA","DEN","LAX","UA",1,2
"913","DSM","KOA","DEN","SFO","UA",2,2
"914","DSM","KOA","DEN",NA,"UA",34,1
"915","DSM","KOA","DFW","PHX","AA",1,2
"916","DSM","KOA","DFW",NA,"AA",15,1
"917","DSM","KOA","DTW","LAX","DL",1,2
"918","DSM","KOA","MSP","HNL","DL",1,2
"919","DSM","KOA","MSP","LAX","DL",4,2
"920","DSM","KOA","MSP","SEA","DL",8,2
"921","DSM","KOA","ORD","LAX","UA",1,2
"922","DSM","KOA","PHX","HNL","AA",2,2
"923","DSM","KOA","PHX",NA,"AA",61,1
"924","DSM","KTN","PHX","SEA","AA",2,2
"925","DSM","LAN","DTW",NA,"DL",48,1
"926","DSM","LAN","MSP","DTW","DL",1,2
"927","DSM","LAN","MSP",NA,"DL",5,1
"928","DSM","LAN","ORD",NA,"AA",10,1
"929","DSM","LAN","ORD",NA,"UA",29,1
"930","DSM","LAR","DEN",NA,"UA",12,1
"931","DSM","LAS","ATL",NA,"DL",12,1
"932","DSM","LAS","CLT",NA,"AA",3,1
"933","DSM","LAS","DEN","SFO","UA",1,2
"934","DSM","LAS","DEN",NA,"F9",30,1
"935","DSM","LAS","DEN",NA,"UA",502,1
"936","DSM","LAS","DFW","LAX","AA",5,2
"937","DSM","LAS","DFW","PHX","AA",2,2
"938","DSM","LAS","DFW",NA,"AA",157,1
"939","DSM","LAS","DTW",NA,"DL",41,1
"940","DSM","LAS","IAH",NA,"UA",10,1
"941","DSM","LAS","MSP",NA,"DL",238,1
"942","DSM","LAS","ORD","DFW","AA",1,2
"943","DSM","LAS","ORD","LAX","AA",3,2
"944","DSM","LAS","ORD",NA,"AA",41,1
"945","DSM","LAS","ORD",NA,"UA",65,1
"946","DSM","LAS","PHX",NA,"AA",232,1
"947","DSM","LAS","PHX",NA,"WN",27,1
"948","DSM","LAS","SLC",NA,"DL",94,1
"949","DSM","LAS","STL","ABQ","WN",1,2
"950","DSM","LAS","STL","DAL","WN",4,2
"951","DSM","LAS","STL","DEN","WN",8,2
"952","DSM","LAS","STL","HOU","WN",4,2
"953","DSM","LAS","STL","SAT","WN",3,2
"954","DSM","LAS","STL",NA,"WN",44,1
"955","DSM","LAW","DFW",NA,"AA",12,1
"956","DSM","LAW","ORD","DFW","AA",2,2
"957","DSM","LAX","ATL",NA,"DL",9,1
"958","DSM","LAX","DEN","LAS","UA",3,2
"959","DSM","LAX","DEN","RDM","UA",1,2
"960","DSM","LAX","DEN","RNO","UA",1,2
"961","DSM","LAX","DEN","SAN","UA",1,2
"962","DSM","LAX","DEN","SFO","UA",3,2
"963","DSM","LAX","DEN","SMF","UA",1,2
"964","DSM","LAX","DEN",NA,"F9",116,1
"965","DSM","LAX","DEN",NA,"UA",665,1
"966","DSM","LAX","DFW","FAT","AA",1,2
"967","DSM","LAX","DFW","LAS","AA",27,2
"968","DSM","LAX","DFW",NA,"AA",200,1
"969","DSM","LAX","DTW","DCA","DL",1,2
"970","DSM","LAX","DTW",NA,"DL",21,1
"971","DSM","LAX","IAH","SAT","UA",1,2
"972","DSM","LAX","IAH",NA,"UA",87,1
"973","DSM","LAX","LAS",NA,"WN",176,1
"974","DSM","LAX","MSP","PDX","DL",1,2
"975","DSM","LAX","MSP","SMF","DL",1,2
"976","DSM","LAX","MSP","TUS","DL",1,2
"977","DSM","LAX","MSP",NA,"DL",350,1
"978","DSM","LAX","ORD","DEN","AA",1,2
"979","DSM","LAX","ORD","LAS","AA",10,2
"980","DSM","LAX","ORD","PDX","AS",1,2
"981","DSM","LAX","ORD","SAT","AA",1,2
"982","DSM","LAX","ORD",NA,"AA",104,1
"983","DSM","LAX","ORD",NA,"UA",109,1
"984","DSM","LAX","PHX","LAS","AA",30,2
"985","DSM","LAX","PHX","RNO","AA",1,2
"986","DSM","LAX","PHX","SFO","AA",2,2
"987","DSM","LAX","PHX","SMF","AA",1,2
"988","DSM","LAX","PHX",NA,"AA",365,1
"989","DSM","LAX","PHX",NA,"WN",23,1
"990","DSM","LAX","SLC",NA,"DL",76,1
"991","DSM","LAX","STL","MSY","WN",1,2
"992","DSM","LAX","STL",NA,"WN",40,1
"993","DSM","LBB","DEN",NA,"UA",18,1
"994","DSM","LBB","DFW",NA,"AA",110,1
"995","DSM","LBB","IAH",NA,"UA",18,1
"996","DSM","LBB","ORD","DFW","AA",3,2
"997","DSM","LBB","PHX",NA,"AA",1,1
"998","DSM","LBB","STL",NA,"WN",1,1
"999","DSM","LBF","DEN",NA,"UA",4,1
"1000","DSM","LBL","DEN",NA,"UA",6,1
"1001","DSM","LCH","DFW",NA,"AA",8,1
"1002","DSM","LCH","IAH",NA,"UA",15,1
"1003","DSM","LEX","ATL",NA,"DL",46,1
"1004","DSM","LEX","CLT",NA,"AA",15,1
"1005","DSM","LEX","DTW",NA,"DL",26,1
"1006","DSM","LEX","MSP",NA,"DL",8,1
"1007","DSM","LEX","ORD",NA,"AA",40,1
"1008","DSM","LEX","ORD",NA,"UA",21,1
"1009","DSM","LFT","ATL",NA,"DL",18,1
"1010","DSM","LFT","DFW",NA,"AA",34,1
"1011","DSM","LFT","IAH",NA,"UA",22,1
"1012","DSM","LGA","ATL","CHS","DL",1,2
"1013","DSM","LGA","ATL","DCA","DL",1,2
"1014","DSM","LGA","ATL",NA,"DL",73,1
"1015","DSM","LGA","CLT","DCA","AA",1,2
"1016","DSM","LGA","CLT",NA,"AA",68,1
"1017","DSM","LGA","DCA",NA,"AA",74,1
"1018","DSM","LGA","DEN",NA,"UA",5,1
"1019","DSM","LGA","DFW",NA,"AA",3,1
"1020","DSM","LGA","DTW","BOS","DL",1,2
"1021","DSM","LGA","DTW","DCA","DL",13,2
"1022","DSM","LGA","DTW","GSO","DL",1,2
"1023","DSM","LGA","DTW","PIT","DL",3,2
"1024","DSM","LGA","DTW","PWM","DL",1,2
"1025","DSM","LGA","DTW","RIC","DL",2,2
"1026","DSM","LGA","DTW","ROC","DL",2,2
"1027","DSM","LGA","DTW",NA,"DL",171,1
"1028","DSM","LGA","IAH",NA,"UA",3,1
"1029","DSM","LGA","MSP","CVG","DL",1,2
"1030","DSM","LGA","MSP","MCI","DL",1,2
"1031","DSM","LGA","MSP","ORD","DL",1,2
"1032","DSM","LGA","MSP","PIT","DL",1,2
"1033","DSM","LGA","MSP",NA,"DL",155,1
"1034","DSM","LGA","ORD",NA,"AA",185,1
"1035","DSM","LGA","ORD",NA,"UA",418,1
"1036","DSM","LGA","PHL",NA,"AA",57,1
"1037","DSM","LGA","STL","MKE","WN",1,2
"1038","DSM","LGA","STL",NA,"WN",142,1
"1039","DSM","LGB","DFW","PHX","AA",1,2
"1040","DSM","LGB","LAS",NA,"WN",22,1
"1041","DSM","LGB","MSP","SLC","DL",3,2
"1042","DSM","LGB","PHX",NA,"AA",62,1
"1043","DSM","LGB","SLC",NA,"DL",13,1
"1044","DSM","LIH","DEN","HNL","UA",1,2
"1045","DSM","LIH","DEN","SFO","UA",2,2
"1046","DSM","LIH","DEN",NA,"UA",31,1
"1047","DSM","LIH","DFW","LAX","AA",4,2
"1048","DSM","LIH","MSP","HNL","DL",2,2
"1049","DSM","LIH","MSP","LAX","DL",8,2
"1050","DSM","LIH","MSP","SEA","DL",6,2
"1051","DSM","LIH","ORD","HNL","UA",1,2
"1052","DSM","LIH","ORD","LAX","AA",1,2
"1053","DSM","LIH","ORD","PHX","AA",1,2
"1054","DSM","LIH","ORD","SFO","UA",1,2
"1055","DSM","LIH","PHX","HNL","AA",2,2
"1056","DSM","LIH","PHX","LAX","AA",1,2
"1057","DSM","LIH","PHX",NA,"AA",85,1
"1058","DSM","LIH","SLC","SEA","DL",4,2
"1059","DSM","LIT","ATL",NA,"DL",24,1
"1060","DSM","LIT","DFW",NA,"AA",61,1
"1061","DSM","LIT","IAH",NA,"UA",16,1
"1062","DSM","LIT","ORD",NA,"AA",36,1
"1063","DSM","LIT","ORD",NA,"UA",19,1
"1064","DSM","LIT","STL",NA,"WN",61,1
"1065","DSM","LRD","DFW",NA,"AA",26,1
"1066","DSM","LRD","IAH",NA,"UA",5,1
"1067","DSM","LSE","MSP",NA,"DL",1,1
"1068","DSM","LWB","ORD",NA,"UA",2,1
"1069","DSM","LWS","MSP","SLC","DL",2,2
"1070","DSM","LWS","SLC",NA,"DL",5,1
"1071","DSM","LYH","CLT",NA,"AA",23,1
"1072","DSM","LYH","ORD","CLT","AA",1,2
"1073","DSM","MAF","DEN",NA,"UA",7,1
"1074","DSM","MAF","DFW",NA,"AA",60,1
"1075","DSM","MAF","IAH",NA,"UA",28,1
"1076","DSM","MBS","DTW",NA,"DL",37,1
"1077","DSM","MBS","MSP","DTW","DL",1,2
"1078","DSM","MBS","MSP",NA,"DL",6,1
"1079","DSM","MBS","ORD",NA,"UA",9,1
"1080","DSM","MCO","ATL",NA,"DL",620,1
"1081","DSM","MCO","CLT",NA,"AA",355,1
"1082","DSM","MCO","DCA",NA,"AA",59,1
"1083","DSM","MCO","DEN",NA,"F9",26,1
"1084","DSM","MCO","DEN",NA,"UA",10,1
"1085","DSM","MCO","DFW","MIA","AA",1,2
"1086","DSM","MCO","DFW",NA,"AA",160,1
"1087","DSM","MCO","DTW",NA,"DL",207,1
"1088","DSM","MCO","IAH",NA,"UA",112,1
"1089","DSM","MCO","LGA",NA,"DL",35,1
"1090","DSM","MCO","MSP",NA,"DL",176,1
"1091","DSM","MCO","ORD","DCA","AA",1,2
"1092","DSM","MCO","ORD","IAD","UA",1,2
"1093","DSM","MCO","ORD","PHL","AA",1,2
"1094","DSM","MCO","ORD",NA,"AA",186,1
"1095","DSM","MCO","ORD",NA,"UA",415,1
"1096","DSM","MCO","PHL","CLT","AA",1,2
"1097","DSM","MCO","PHL","DCA","AA",1,2
"1098","DSM","MCO","PHL","MIA","AA",1,2
"1099","DSM","MCO","PHL",NA,"AA",101,1
"1100","DSM","MCO","STL","ATL","WN",1,2
"1101","DSM","MCO","STL","DCA","WN",1,2
"1102","DSM","MCO","STL","MSY","WN",1,2
"1103","DSM","MCO","STL",NA,"WN",499,1
"1104","DSM","MDT","ATL",NA,"DL",24,1
"1105","DSM","MDT","CLT",NA,"AA",43,1
"1106","DSM","MDT","DTW",NA,"DL",67,1
"1107","DSM","MDT","ORD",NA,"AA",96,1
"1108","DSM","MDT","ORD",NA,"UA",44,1
"1109","DSM","MDT","PHL",NA,"AA",35,1
"1110","DSM","MDW","DTW",NA,"DL",9,1
"1111","DSM","MDW","MSP",NA,"DL",32,1
"1112","DSM","MDW","STL",NA,"WN",181,1
"1113","DSM","MEI","DFW",NA,"AA",1,1
"1114","DSM","MEI","ORD",NA,"AA",4,1
"1115","DSM","MEM","ATL",NA,"DL",89,1
"1116","DSM","MEM","DFW",NA,"AA",78,1
"1117","DSM","MEM","IAH",NA,"UA",7,1
"1118","DSM","MEM","MSP",NA,"DL",40,1
"1119","DSM","MEM","ORD",NA,"AA",42,1
"1120","DSM","MEM","ORD",NA,"UA",29,1
"1121","DSM","MEM","STL",NA,"WN",1,1
"1122","DSM","MFE","DFW",NA,"AA",106,1
"1123","DSM","MFE","IAH",NA,"UA",75,1
"1124","DSM","MFR","ATL","SEA","DL",1,2
"1125","DSM","MFR","DEN","SFO","UA",1,2
"1126","DSM","MFR","DEN",NA,"UA",81,1
"1127","DSM","MFR","MSP","SEA","DL",6,2
"1128","DSM","MFR","MSP","SLC","DL",1,2
"1129","DSM","MFR","ORD","PHX","AA",1,2
"1130","DSM","MFR","PHX",NA,"AA",1,1
"1131","DSM","MFR","SLC","SEA","DL",1,2
"1132","DSM","MFR","SLC",NA,"DL",7,1
"1133","DSM","MGM","ATL",NA,"DL",40,1
"1134","DSM","MGM","CLT",NA,"AA",6,1
"1135","DSM","MGM","DFW",NA,"AA",14,1
"1136","DSM","MGM","MSP","ATL","DL",2,2
"1137","DSM","MHT","ATL",NA,"DL",18,1
"1138","DSM","MHT","CLT",NA,"AA",13,1
"1139","DSM","MHT","DCA",NA,"AA",14,1
"1140","DSM","MHT","DTW",NA,"DL",60,1
"1141","DSM","MHT","LGA",NA,"DL",1,1
"1142","DSM","MHT","MSP","DTW","DL",1,2
"1143","DSM","MHT","ORD",NA,"AA",23,1
"1144","DSM","MHT","PHL",NA,"AA",42,1
"1145","DSM","MIA","ATL",NA,"DL",271,1
"1146","DSM","MIA","CLT","CHS","AA",1,2
"1147","DSM","MIA","CLT","EYW","AA",1,2
"1148","DSM","MIA","CLT","TPA","AA",1,2
"1149","DSM","MIA","CLT",NA,"AA",152,1
"1150","DSM","MIA","DCA","TPA","AA",1,2
"1151","DSM","MIA","DCA",NA,"AA",40,1
"1152","DSM","MIA","DEN",NA,"F9",7,1
"1153","DSM","MIA","DEN",NA,"UA",1,1
"1154","DSM","MIA","DFW","IAH","AA",1,2
"1155","DSM","MIA","DFW","PNS","AA",1,2
"1156","DSM","MIA","DFW",NA,"AA",124,1
"1157","DSM","MIA","DTW","ATL","DL",5,2
"1158","DSM","MIA","DTW",NA,"DL",27,1
"1159","DSM","MIA","IAH",NA,"UA",66,1
"1160","DSM","MIA","LGA",NA,"DL",1,1
"1161","DSM","MIA","MSP","ATL","DL",1,2
"1162","DSM","MIA","MSP",NA,"DL",59,1
"1163","DSM","MIA","ORD","CLT","AA",1,2
"1164","DSM","MIA","ORD","DCA","AA",1,2
"1165","DSM","MIA","ORD","EWR","UA",1,2
"1166","DSM","MIA","ORD","TPA","AA",1,2
"1167","DSM","MIA","ORD",NA,"AA",151,1
"1168","DSM","MIA","ORD",NA,"UA",89,1
"1169","DSM","MIA","PHL",NA,"AA",53,1
"1170","DSM","MKE","DTW",NA,"DL",54,1
"1171","DSM","MKE","MSP",NA,"DL",127,1
"1172","DSM","MKE","ORD",NA,"AA",48,1
"1173","DSM","MKE","ORD",NA,"UA",64,1
"1174","DSM","MKE","STL",NA,"WN",32,1
"1175","DSM","MKG","ORD",NA,"UA",8,1
"1176","DSM","MLB","ATL",NA,"DL",75,1
"1177","DSM","MLB","CLT",NA,"AA",20,1
"1178","DSM","MLB","ORD","CLT","AA",1,2
"1179","DSM","MLI","ORD",NA,"AA",2,1
"1180","DSM","MLI","ORD",NA,"UA",1,1
"1181","DSM","MLU","ATL",NA,"DL",13,1
"1182","DSM","MLU","DFW",NA,"AA",22,1
"1183","DSM","MLU","IAH",NA,"UA",8,1
"1184","DSM","MLU","ORD","IAH","UA",1,2
"1185","DSM","MMH","DEN",NA,"UA",3,1
"1186","DSM","MOB","ATL",NA,"DL",29,1
"1187","DSM","MOB","CLT",NA,"AA",20,1
"1188","DSM","MOB","DFW",NA,"AA",38,1
"1189","DSM","MOB","DTW","ATL","DL",1,2
"1190","DSM","MOB","IAH",NA,"UA",21,1
"1191","DSM","MOT","DEN",NA,"UA",4,1
"1192","DSM","MOT","MSP",NA,"DL",49,1
"1193","DSM","MQT","DTW",NA,"DL",6,1
"1194","DSM","MQT","MSP",NA,"DL",6,1
"1195","DSM","MQT","ORD",NA,"AA",5,1
"1196","DSM","MRY","DEN","LAX","UA",1,2
"1197","DSM","MRY","DEN",NA,"UA",20,1
"1198","DSM","MRY","DFW",NA,"AA",8,1
"1199","DSM","MRY","ORD","PHX","AA",1,2
"1200","DSM","MRY","PHX",NA,"AA",50,1
"1201","DSM","MSN","MSP",NA,"DL",56,1
"1202","DSM","MSN","ORD",NA,"AA",17,1
"1203","DSM","MSN","ORD",NA,"UA",22,1
"1204","DSM","MSO","DEN",NA,"UA",74,1
"1205","DSM","MSO","DFW",NA,"AA",1,1
"1206","DSM","MSO","MSP","SLC","DL",2,2
"1207","DSM","MSO","MSP",NA,"DL",47,1
"1208","DSM","MSO","SLC",NA,"DL",12,1
"1209","DSM","MSY","ATL",NA,"DL",138,1
"1210","DSM","MSY","CLT",NA,"AA",8,1
"1211","DSM","MSY","DEN",NA,"F9",4,1
"1212","DSM","MSY","DEN",NA,"UA",19,1
"1213","DSM","MSY","DFW",NA,"AA",226,1
"1214","DSM","MSY","DTW",NA,"DL",22,1
"1215","DSM","MSY","IAH",NA,"UA",187,1
"1216","DSM","MSY","MSP",NA,"DL",72,1
"1217","DSM","MSY","ORD",NA,"AA",49,1
"1218","DSM","MSY","ORD",NA,"UA",73,1
"1219","DSM","MSY","STL","MDW","WN",1,2
"1220","DSM","MSY","STL",NA,"WN",118,1
"1221","DSM","MTJ","DEN",NA,"UA",30,1
"1222","DSM","MTJ","DFW",NA,"AA",6,1
"1223","DSM","MTJ","ORD",NA,"UA",1,1
"1224","DSM","MVY","DCA",NA,"AA",2,1
"1225","DSM","MVY","ORD","DCA","AA",1,2
"1226","DSM","MYR","ATL",NA,"DL",48,1
"1227","DSM","MYR","CLT",NA,"AA",92,1
"1228","DSM","MYR","DCA","CLT","AA",1,2
"1229","DSM","MYR","DCA",NA,"AA",8,1
"1230","DSM","MYR","DFW",NA,"AA",2,1
"1231","DSM","MYR","DTW",NA,"DL",5,1
"1232","DSM","MYR","ORD","CLT","AA",2,2
"1233","DSM","MYR","ORD","DCA","AA",1,2
"1234","DSM","MYR","ORD",NA,"AA",1,1
"1235","DSM","MYR","ORD",NA,"UA",7,1
"1236","DSM","MYR","PHL",NA,"AA",5,1
"1237","DSM","OAJ","ATL",NA,"DL",16,1
"1238","DSM","OAJ","CLT",NA,"AA",29,1
"1239","DSM","OAJ","DCA","CLT","AA",1,2
"1240","DSM","OAJ","MSP","ATL","DL",1,2
"1241","DSM","OAK","DFW","PHX","AA",3,2
"1242","DSM","OAK","DFW",NA,"AA",4,1
"1243","DSM","OAK","LAS","DEN","WN",1,2
"1244","DSM","OAK","LAS",NA,"WN",153,1
"1245","DSM","OAK","MSP","SLC","DL",3,2
"1246","DSM","OAK","PHX",NA,"AA",106,1
"1247","DSM","OAK","PHX",NA,"WN",10,1
"1248","DSM","OAK","SLC",NA,"DL",23,1
"1249","DSM","OAK","STL","MDW","WN",1,2
"1250","DSM","OAK","STL",NA,"WN",11,1
"1251","DSM","OGG","DEN","LAX","UA",3,2
"1252","DSM","OGG","DEN","SFO","UA",5,2
"1253","DSM","OGG","DEN",NA,"UA",62,1
"1254","DSM","OGG","DFW","LAX","AA",1,2
"1255","DSM","OGG","DFW",NA,"AA",60,1
"1256","DSM","OGG","DTW","LAX","DL",2,2
"1257","DSM","OGG","IAH","LAX","UA",1,2
"1258","DSM","OGG","IAH","SFO","UA",1,2
"1259","DSM","OGG","MSP","HNL","DL",1,2
"1260","DSM","OGG","MSP","LAX","DL",13,2
"1261","DSM","OGG","MSP","SEA","DL",2,2
"1262","DSM","OGG","MSP","SLC","DL",1,2
"1263","DSM","OGG","ORD","LAX","AA",2,2
"1264","DSM","OGG","ORD","LAX","UA",1,2
"1265","DSM","OGG","ORD",NA,"UA",8,1
"1266","DSM","OGG","PHX","HNL","AA",2,2
"1267","DSM","OGG","PHX","LAX","AA",3,2
"1268","DSM","OGG","PHX",NA,"AA",122,1
"1269","DSM","OKC","DFW",NA,"AA",165,1
"1270","DSM","OKC","IAH",NA,"UA",38,1
"1271","DSM","OKC","MSP",NA,"DL",28,1
"1272","DSM","OKC","ORD",NA,"AA",29,1
"1273","DSM","OKC","ORD",NA,"UA",20,1
"1274","DSM","OKC","STL",NA,"WN",64,1
"1275","DSM","ONT","DEN",NA,"F9",37,1
"1276","DSM","ONT","DEN",NA,"UA",104,1
"1277","DSM","ONT","DFW","PHX","AA",1,2
"1278","DSM","ONT","DFW",NA,"AA",97,1
"1279","DSM","ONT","IAH",NA,"UA",9,1
"1280","DSM","ONT","LAS",NA,"WN",75,1
"1281","DSM","ONT","MSP","SLC","DL",1,2
"1282","DSM","ONT","ORD","DFW","AA",1,2
"1283","DSM","ONT","ORD",NA,"AA",2,1
"1284","DSM","ONT","PHX",NA,"AA",184,1
"1285","DSM","ONT","PHX",NA,"WN",22,1
"1286","DSM","ONT","SLC",NA,"DL",22,1
"1287","DSM","ONT","STL",NA,"WN",2,1
"1288","DSM","ORD","DTW",NA,"DL",20,1
"1289","DSM","ORD","MSP",NA,"DL",49,1
"1290","DSM","ORF","ATL",NA,"DL",96,1
"1291","DSM","ORF","CLT",NA,"AA",48,1
"1292","DSM","ORF","DCA",NA,"AA",28,1
"1293","DSM","ORF","DFW",NA,"AA",2,1
"1294","DSM","ORF","DTW",NA,"DL",44,1
"1295","DSM","ORF","LGA",NA,"DL",17,1
"1296","DSM","ORF","MSP",NA,"DL",2,1
"1297","DSM","ORF","ORD","CLT","AA",1,2
"1298","DSM","ORF","ORD",NA,"AA",12,1
"1299","DSM","ORF","ORD",NA,"UA",59,1
"1300","DSM","ORF","PHL",NA,"AA",40,1
"1301","DSM","ORH","DTW",NA,"DL",3,1
"1302","DSM","ORH","PHL",NA,"AA",1,1
"1303","DSM","OTH","DEN","SFO","UA",1,2
"1304","DSM","PAE","DEN",NA,"UA",66,1
"1305","DSM","PAH","ORD",NA,"UA",11,1
"1306","DSM","PBI","ATL",NA,"DL",264,1
"1307","DSM","PBI","CLT",NA,"AA",91,1
"1308","DSM","PBI","DCA",NA,"AA",3,1
"1309","DSM","PBI","DFW",NA,"AA",30,1
"1310","DSM","PBI","DTW","ATL","DL",1,2
"1311","DSM","PBI","IAH",NA,"UA",10,1
"1312","DSM","PBI","LGA",NA,"DL",1,1
"1313","DSM","PBI","MSP",NA,"DL",3,1
"1314","DSM","PBI","ORD","CLT","AA",1,2
"1315","DSM","PBI","ORD",NA,"AA",55,1
"1316","DSM","PBI","ORD",NA,"UA",43,1
"1317","DSM","PBI","PHL",NA,"AA",36,1
"1318","DSM","PBI","STL",NA,"WN",1,1
"1319","DSM","PDX","ATL",NA,"DL",2,1
"1320","DSM","PDX","DEN","SFO","UA",1,2
"1321","DSM","PDX","DEN",NA,"F9",30,1
"1322","DSM","PDX","DEN",NA,"UA",424,1
"1323","DSM","PDX","DFW","SAN","AA",1,2
"1324","DSM","PDX","DFW",NA,"AA",72,1
"1325","DSM","PDX","DTW","SEA","DL",1,2
"1326","DSM","PDX","DTW",NA,"DL",5,1
"1327","DSM","PDX","IAH",NA,"UA",16,1
"1328","DSM","PDX","LAS","SMF","WN",1,2
"1329","DSM","PDX","LAS",NA,"WN",58,1
"1330","DSM","PDX","MSP","SEA","DL",2,2
"1331","DSM","PDX","MSP",NA,"DL",344,1
"1332","DSM","PDX","ORD","DEN","UA",1,2
"1333","DSM","PDX","ORD","LAX","AA",2,2
"1334","DSM","PDX","ORD","PHX","AA",2,2
"1335","DSM","PDX","ORD","SEA","AS",1,2
"1336","DSM","PDX","ORD",NA,"AA",21,1
"1337","DSM","PDX","ORD",NA,"AS",6,1
"1338","DSM","PDX","ORD",NA,"UA",26,1
"1339","DSM","PDX","PHX",NA,"AA",144,1
"1340","DSM","PDX","PHX",NA,"WN",5,1
"1341","DSM","PDX","SLC",NA,"DL",102,1
"1342","DSM","PDX","STL",NA,"WN",4,1
"1343","DSM","PGV","CLT",NA,"AA",16,1
"1344","DSM","PGV","DFW","CLT","AA",1,2
"1345","DSM","PGV","ORD","CLT","AA",1,2
"1346","DSM","PHF","ATL",NA,"DL",24,1
"1347","DSM","PHF","CLT",NA,"AA",32,1
"1348","DSM","PHF","MSP","ATL","DL",1,2
"1349","DSM","PHF","PHL",NA,"AA",8,1
"1350","DSM","PHL","ATL",NA,"DL",43,1
"1351","DSM","PHL","CLT","CAE","AA",4,2
"1352","DSM","PHL","CLT","GSO","AA",3,2
"1353","DSM","PHL","CLT","GSP","AA",3,2
"1354","DSM","PHL","CLT","MYR","AA",8,2
"1355","DSM","PHL","CLT","PBI","AA",1,2
"1356","DSM","PHL","CLT","PHF","AA",1,2
"1357","DSM","PHL","CLT","RDU","AA",2,2
"1358","DSM","PHL","CLT","ROA","AA",1,2
"1359","DSM","PHL","CLT",NA,"AA",98,1
"1360","DSM","PHL","DCA","ALB","AA",1,2
"1361","DSM","PHL","DCA","BGR","AA",1,2
"1362","DSM","PHL","DCA",NA,"AA",30,1
"1363","DSM","PHL","DEN",NA,"F9",8,1
"1364","DSM","PHL","DEN",NA,"UA",3,1
"1365","DSM","PHL","DFW","OKC","AA",1,2
"1366","DSM","PHL","DFW",NA,"AA",4,1
"1367","DSM","PHL","DTW",NA,"DL",111,1
"1368","DSM","PHL","MSP",NA,"DL",78,1
"1369","DSM","PHL","ORD","ABE","AA",1,2
"1370","DSM","PHL","ORD","ATL","AA",1,2
"1371","DSM","PHL","ORD","AVP","AA",2,2
"1372","DSM","PHL","ORD","BNA","AA",3,2
"1373","DSM","PHL","ORD","BUF","AA",3,2
"1374","DSM","PHL","ORD","BWI","AA",6,2
"1375","DSM","PHL","ORD","CAK","AA",1,2
"1376","DSM","PHL","ORD","CHO","AA",2,2
"1377","DSM","PHL","ORD","CLT","AA",2,2
"1378","DSM","PHL","ORD","CRW","AA",1,2
"1379","DSM","PHL","ORD","CVG","AA",2,2
"1380","DSM","PHL","ORD","DCA","AA",3,2
"1381","DSM","PHL","ORD","GSO","AA",3,2
"1382","DSM","PHL","ORD","GSP","AA",1,2
"1383","DSM","PHL","ORD","IND","AA",1,2
"1384","DSM","PHL","ORD","MDT","AA",7,2
"1385","DSM","PHL","ORD","MEM","AA",1,2
"1386","DSM","PHL","ORD","PIT","AA",2,2
"1387","DSM","PHL","ORD","RDU","AA",2,2
"1388","DSM","PHL","ORD","RIC","AA",1,2
"1389","DSM","PHL","ORD","ROC","AA",3,2
"1390","DSM","PHL","ORD","SCE","AA",4,2
"1391","DSM","PHL","ORD","TYS","AA",2,2
"1392","DSM","PHL","ORD","XNA","AA",1,2
"1393","DSM","PHL","ORD",NA,"AA",197,1
"1394","DSM","PHL","ORD",NA,"UA",129,1
"1395","DSM","PHL","STL",NA,"WN",162,1
"1396","DSM","PHX","ATL",NA,"DL",9,1
"1397","DSM","PHX","DEN","LAX","UA",1,2
"1398","DSM","PHX","DEN",NA,"F9",30,1
"1399","DSM","PHX","DEN",NA,"UA",180,1
"1400","DSM","PHX","DFW","OKC","AA",1,2
"1401","DSM","PHX","DFW","SAT","AA",1,2
"1402","DSM","PHX","DFW","SMF","AA",1,2
"1403","DSM","PHX","DFW",NA,"AA",121,1
"1404","DSM","PHX","DTW",NA,"DL",14,1
"1405","DSM","PHX","IAH",NA,"UA",67,1
"1406","DSM","PHX","LAS","SFO","WN",1,2
"1407","DSM","PHX","LAS",NA,"WN",179,1
"1408","DSM","PHX","MSP",NA,"DL",115,1
"1409","DSM","PHX","ORD","IAH","UA",1,2
"1410","DSM","PHX","ORD","MSP","AA",1,2
"1411","DSM","PHX","ORD","STL","AA",1,2
"1412","DSM","PHX","ORD",NA,"AA",24,1
"1413","DSM","PHX","ORD",NA,"UA",38,1
"1414","DSM","PHX","SLC","SEA","DL",1,2
"1415","DSM","PHX","SLC",NA,"DL",30,1
"1416","DSM","PHX","STL","AUS","WN",2,2
"1417","DSM","PHX","STL","DAL","WN",6,2
"1418","DSM","PHX","STL","DEN","WN",5,2
"1419","DSM","PHX","STL",NA,"WN",205,1
"1420","DSM","PIA","ORD",NA,"UA",7,1
"1421","DSM","PIB","DFW",NA,"AA",2,1
"1422","DSM","PIH","MSP","SLC","DL",2,2
"1423","DSM","PIH","SLC",NA,"DL",7,1
"1424","DSM","PIR","DEN",NA,"UA",1,1
"1425","DSM","PIT","ATL",NA,"DL",33,1
"1426","DSM","PIT","CLT",NA,"AA",36,1
"1427","DSM","PIT","DCA",NA,"AA",3,1
"1428","DSM","PIT","DTW",NA,"DL",123,1
"1429","DSM","PIT","LGA",NA,"DL",7,1
"1430","DSM","PIT","MSP",NA,"DL",89,1
"1431","DSM","PIT","ORD","DCA","AA",1,2
"1432","DSM","PIT","ORD",NA,"AA",143,1
"1433","DSM","PIT","ORD",NA,"UA",131,1
"1434","DSM","PIT","PHL",NA,"AA",12,1
"1435","DSM","PIT","STL",NA,"WN",7,1
"1436","DSM","PLN","DTW",NA,"DL",6,1
"1437","DSM","PNS","ATL",NA,"DL",145,1
"1438","DSM","PNS","CLT",NA,"AA",37,1
"1439","DSM","PNS","DCA",NA,"AA",4,1
"1440","DSM","PNS","DFW",NA,"AA",66,1
"1441","DSM","PNS","IAH",NA,"UA",56,1
"1442","DSM","PNS","ORD",NA,"AA",1,1
"1443","DSM","PNS","ORD",NA,"UA",14,1
"1444","DSM","PNS","STL",NA,"WN",1,1
"1445","DSM","PRC","DEN",NA,"UA",11,1
"1446","DSM","PSC","DEN",NA,"UA",44,1
"1447","DSM","PSC","MSP","SEA","DL",4,2
"1448","DSM","PSC","MSP",NA,"DL",20,1
"1449","DSM","PSC","SLC",NA,"DL",17,1
"1450","DSM","PSP","DEN",NA,"UA",152,1
"1451","DSM","PSP","DFW",NA,"AA",48,1
"1452","DSM","PSP","DTW","SLC","DL",1,2
"1453","DSM","PSP","IAH",NA,"UA",18,1
"1454","DSM","PSP","MSP",NA,"DL",6,1
"1455","DSM","PSP","ORD","PHX","AA",1,2
"1456","DSM","PSP","ORD",NA,"AA",11,1
"1457","DSM","PSP","ORD",NA,"UA",6,1
"1458","DSM","PSP","PHX",NA,"AA",134,1
"1459","DSM","PSP","SLC",NA,"DL",11,1
"1460","DSM","PUB","DEN",NA,"UA",3,1
"1461","DSM","PUW","ORD","SEA","AA",1,2
"1462","DSM","PVD","ATL",NA,"DL",40,1
"1463","DSM","PVD","CLT",NA,"AA",30,1
"1464","DSM","PVD","DCA",NA,"AA",18,1
"1465","DSM","PVD","DTW",NA,"DL",82,1
"1466","DSM","PVD","ORD","EWR","UA",1,2
"1467","DSM","PVD","ORD",NA,"AA",63,1
"1468","DSM","PVD","ORD",NA,"UA",25,1
"1469","DSM","PVD","PHL",NA,"AA",28,1
"1470","DSM","PVD","STL",NA,"WN",1,1
"1471","DSM","PWM","ATL",NA,"DL",29,1
"1472","DSM","PWM","CLT","DCA","AA",1,2
"1473","DSM","PWM","CLT","PHL","AA",1,2
"1474","DSM","PWM","CLT",NA,"AA",24,1
"1475","DSM","PWM","DCA",NA,"AA",30,1
"1476","DSM","PWM","DEN",NA,"UA",1,1
"1477","DSM","PWM","DTW",NA,"DL",71,1
"1478","DSM","PWM","IAH","IAD","UA",1,2
"1479","DSM","PWM","LGA",NA,"DL",19,1
"1480","DSM","PWM","ORD","DCA","AA",1,2
"1481","DSM","PWM","ORD","IAD","UA",1,2
"1482","DSM","PWM","ORD","PHL","AA",1,2
"1483","DSM","PWM","ORD",NA,"AA",19,1
"1484","DSM","PWM","ORD",NA,"UA",49,1
"1485","DSM","PWM","PHL",NA,"AA",27,1
"1486","DSM","RAP","DEN",NA,"UA",52,1
"1487","DSM","RAP","MSP",NA,"DL",51,1
"1488","DSM","RAP","ORD",NA,"AA",6,1
"1489","DSM","RAP","ORD",NA,"UA",4,1
"1490","DSM","RAP","SLC",NA,"DL",1,1
"1491","DSM","RDD","DEN","LAX","UA",3,2
"1492","DSM","RDD","DEN","SFO","UA",6,2
"1493","DSM","RDM","DEN",NA,"UA",78,1
"1494","DSM","RDM","DFW","LAX","AA",2,2
"1495","DSM","RDM","DTW","SEA","DL",1,2
"1496","DSM","RDM","MSP","SEA","DL",2,2
"1497","DSM","RDM","MSP","SLC","DL",1,2
"1498","DSM","RDM","ORD",NA,"UA",2,1
"1499","DSM","RDM","SLC",NA,"DL",4,1
"1500","DSM","RDU","ATL","CMH","DL",1,2
"1501","DSM","RDU","ATL",NA,"DL",230,1
"1502","DSM","RDU","CLT",NA,"AA",172,1
"1503","DSM","RDU","DCA",NA,"AA",35,1
"1504","DSM","RDU","DFW",NA,"AA",7,1
"1505","DSM","RDU","DTW",NA,"DL",117,1
"1506","DSM","RDU","IAH",NA,"UA",4,1
"1507","DSM","RDU","LGA",NA,"DL",16,1
"1508","DSM","RDU","MSP","ORD","DL",1,2
"1509","DSM","RDU","MSP",NA,"DL",65,1
"1510","DSM","RDU","ORD","CLT","AA",1,2
"1511","DSM","RDU","ORD","DCA","AA",1,2
"1512","DSM","RDU","ORD","EWR","UA",1,2
"1513","DSM","RDU","ORD",NA,"AA",184,1
"1514","DSM","RDU","ORD",NA,"UA",172,1
"1515","DSM","RDU","PHL",NA,"AA",22,1
"1516","DSM","RDU","STL",NA,"WN",177,1
"1517","DSM","RHI","MSP",NA,"DL",9,1
"1518","DSM","RIC","ATL",NA,"DL",90,1
"1519","DSM","RIC","CLT",NA,"AA",80,1
"1520","DSM","RIC","DTW",NA,"DL",49,1
"1521","DSM","RIC","LGA",NA,"DL",12,1
"1522","DSM","RIC","MSP",NA,"DL",14,1
"1523","DSM","RIC","ORD","IAD","UA",1,2
"1524","DSM","RIC","ORD",NA,"AA",45,1
"1525","DSM","RIC","ORD",NA,"UA",46,1
"1526","DSM","RIC","PHL",NA,"AA",40,1
"1527","DSM","RIC","STL","ATL","WN",1,2
"1528","DSM","RKS","DEN",NA,"UA",7,1
"1529","DSM","RNO","DEN",NA,"F9",5,1
"1530","DSM","RNO","DEN",NA,"UA",136,1
"1531","DSM","RNO","DFW",NA,"AA",47,1
"1532","DSM","RNO","IAH",NA,"UA",4,1
"1533","DSM","RNO","LAS",NA,"WN",101,1
"1534","DSM","RNO","MSP","SLC","DL",4,2
"1535","DSM","RNO","ORD",NA,"AA",4,1
"1536","DSM","RNO","ORD",NA,"UA",3,1
"1537","DSM","RNO","PHX",NA,"AA",79,1
"1538","DSM","RNO","PHX",NA,"WN",6,1
"1539","DSM","RNO","SLC",NA,"DL",13,1
"1540","DSM","RNO","STL",NA,"WN",1,1
"1541","DSM","ROA","ATL",NA,"DL",35,1
"1542","DSM","ROA","CLT",NA,"AA",50,1
"1543","DSM","ROA","ORD","IAD","UA",1,2
"1544","DSM","ROA","ORD","PHL","AA",1,2
"1545","DSM","ROA","ORD",NA,"UA",31,1
"1546","DSM","ROA","PHL",NA,"AA",5,1
"1547","DSM","ROC","ATL",NA,"DL",6,1
"1548","DSM","ROC","CLT",NA,"AA",5,1
"1549","DSM","ROC","DTW",NA,"DL",38,1
"1550","DSM","ROC","LGA",NA,"DL",3,1
"1551","DSM","ROC","MSP",NA,"DL",8,1
"1552","DSM","ROC","ORD","EWR","UA",1,2
"1553","DSM","ROC","ORD",NA,"AA",34,1
"1554","DSM","ROC","ORD",NA,"UA",46,1
"1555","DSM","ROC","PHL",NA,"AA",12,1
"1556","DSM","ROW","DFW",NA,"AA",21,1
"1557","DSM","ROW","PHX",NA,"AA",1,1
"1558","DSM","RST","MSP",NA,"DL",4,1
"1559","DSM","RSW","ATL",NA,"DL",346,1
"1560","DSM","RSW","CLT",NA,"AA",116,1
"1561","DSM","RSW","DCA","CLT","AA",1,2
"1562","DSM","RSW","DCA",NA,"AA",6,1
"1563","DSM","RSW","DEN",NA,"F9",1,1
"1564","DSM","RSW","DEN",NA,"UA",15,1
"1565","DSM","RSW","DFW","MIA","AA",1,2
"1566","DSM","RSW","DFW",NA,"AA",104,1
"1567","DSM","RSW","DTW",NA,"DL",74,1
"1568","DSM","RSW","IAH",NA,"UA",32,1
"1569","DSM","RSW","LGA",NA,"DL",3,1
"1570","DSM","RSW","MSP",NA,"DL",81,1
"1571","DSM","RSW","ORD",NA,"AA",96,1
"1572","DSM","RSW","ORD",NA,"UA",166,1
"1573","DSM","RSW","PHL",NA,"AA",46,1
"1574","DSM","RSW","STL",NA,"WN",22,1
"1575","DSM","SAF","DEN",NA,"UA",67,1
"1576","DSM","SAF","DFW",NA,"AA",18,1
"1577","DSM","SAF","PHX",NA,"AA",9,1
"1578","DSM","SAN","ATL",NA,"DL",10,1
"1579","DSM","SAN","DEN","LAX","UA",1,2
"1580","DSM","SAN","DEN",NA,"F9",47,1
"1581","DSM","SAN","DEN",NA,"UA",443,1
"1582","DSM","SAN","DFW","PHX","AA",1,2
"1583","DSM","SAN","DFW",NA,"AA",160,1
"1584","DSM","SAN","DTW",NA,"DL",15,1
"1585","DSM","SAN","IAH",NA,"UA",62,1
"1586","DSM","SAN","LAS","SFO","WN",1,2
"1587","DSM","SAN","LAS",NA,"WN",431,1
"1588","DSM","SAN","MSP","LAS","DL",3,2
"1589","DSM","SAN","MSP","SEA","DL",1,2
"1590","DSM","SAN","MSP",NA,"DL",237,1
"1591","DSM","SAN","ORD","IAD","UA",1,2
"1592","DSM","SAN","ORD",NA,"AA",37,1
"1593","DSM","SAN","ORD",NA,"UA",65,1
"1594","DSM","SAN","PHX","LAX","AA",2,2
"1595","DSM","SAN","PHX",NA,"AA",468,1
"1596","DSM","SAN","PHX",NA,"WN",46,1
"1597","DSM","SAN","SLC","SEA","DL",2,2
"1598","DSM","SAN","SLC",NA,"DL",38,1
"1599","DSM","SAN","STL","DAL","WN",1,2
"1600","DSM","SAN","STL","DEN","WN",1,2
"1601","DSM","SAN","STL",NA,"WN",19,1
"1602","DSM","SAT","ATL",NA,"DL",52,1
"1603","DSM","SAT","CLT",NA,"AA",5,1
"1604","DSM","SAT","DEN",NA,"F9",12,1
"1605","DSM","SAT","DEN",NA,"UA",66,1
"1606","DSM","SAT","DFW",NA,"AA",458,1
"1607","DSM","SAT","DTW",NA,"DL",13,1
"1608","DSM","SAT","IAH",NA,"UA",228,1
"1609","DSM","SAT","MSP",NA,"DL",49,1
"1610","DSM","SAT","ORD","IAH","UA",1,2
"1611","DSM","SAT","ORD",NA,"AA",50,1
"1612","DSM","SAT","ORD",NA,"UA",34,1
"1613","DSM","SAT","PHX",NA,"AA",7,1
"1614","DSM","SAT","PHX",NA,"WN",1,1
"1615","DSM","SAT","STL",NA,"WN",169,1
"1616","DSM","SAV","ATL",NA,"DL",186,1
"1617","DSM","SAV","CLT",NA,"AA",75,1
"1618","DSM","SAV","DCA",NA,"AA",13,1
"1619","DSM","SAV","DEN",NA,"UA",1,1
"1620","DSM","SAV","DFW",NA,"AA",11,1
"1621","DSM","SAV","DTW","ATL","DL",2,2
"1622","DSM","SAV","DTW",NA,"DL",3,1
"1623","DSM","SAV","IAH",NA,"UA",1,1
"1624","DSM","SAV","MSP",NA,"DL",2,1
"1625","DSM","SAV","ORD",NA,"AA",11,1
"1626","DSM","SAV","ORD",NA,"UA",31,1
"1627","DSM","SAV","PHL","CLT","AA",1,2
"1628","DSM","SAV","PHL",NA,"AA",8,1
"1629","DSM","SBA","DEN",NA,"UA",62,1
"1630","DSM","SBA","DFW","PHX","AA",1,2
"1631","DSM","SBA","DFW",NA,"AA",11,1
"1632","DSM","SBA","MSP","SLC","DL",1,2
"1633","DSM","SBA","PHX",NA,"AA",34,1
"1634","DSM","SBA","SLC",NA,"DL",2,1
"1635","DSM","SBN","DTW",NA,"DL",24,1
"1636","DSM","SBN","MSP",NA,"DL",9,1
"1637","DSM","SBN","ORD",NA,"UA",23,1
"1638","DSM","SBP","DEN","LAX","UA",2,2
"1639","DSM","SBP","DEN","SFO","UA",1,2
"1640","DSM","SBP","DEN",NA,"UA",27,1
"1641","DSM","SBP","DFW",NA,"AA",2,1
"1642","DSM","SBP","PHX",NA,"AA",63,1
"1643","DSM","SBY","CLT",NA,"AA",6,1
"1644","DSM","SBY","PHL",NA,"AA",16,1
"1645","DSM","SCE","DTW",NA,"DL",10,1
"1646","DSM","SCE","ORD",NA,"AA",24,1
"1647","DSM","SCE","ORD",NA,"UA",24,1
"1648","DSM","SCE","PHL",NA,"AA",7,1
"1649","DSM","SDF","ATL",NA,"DL",76,1
"1650","DSM","SDF","CLT",NA,"AA",36,1
"1651","DSM","SDF","DCA",NA,"AA",1,1
"1652","DSM","SDF","DTW",NA,"DL",88,1
"1653","DSM","SDF","MSP",NA,"DL",53,1
"1654","DSM","SDF","ORD",NA,"AA",84,1
"1655","DSM","SDF","ORD",NA,"UA",73,1
"1656","DSM","SEA","ATL",NA,"DL",9,1
"1657","DSM","SEA","CLT",NA,"AA",2,1
"1658","DSM","SEA","DEN","SFO","UA",2,2
"1659","DSM","SEA","DEN",NA,"F9",26,1
"1660","DSM","SEA","DEN",NA,"UA",641,1
"1661","DSM","SEA","DFW",NA,"AA",124,1
"1662","DSM","SEA","DTW",NA,"DL",33,1
"1663","DSM","SEA","IAH",NA,"UA",9,1
"1664","DSM","SEA","LAS",NA,"WN",18,1
"1665","DSM","SEA","MSP","GEG","DL",1,2
"1666","DSM","SEA","MSP","LAS","DL",1,2
"1667","DSM","SEA","MSP","PDX","DL",1,2
"1668","DSM","SEA","MSP",NA,"DL",511,1
"1669","DSM","SEA","ORD",NA,"AA",85,1
"1670","DSM","SEA","ORD",NA,"AS",38,1
"1671","DSM","SEA","ORD",NA,"UA",52,1
"1672","DSM","SEA","PHX","LAX","AA",1,2
"1673","DSM","SEA","PHX",NA,"AA",149,1
"1674","DSM","SEA","PHX",NA,"WN",17,1
"1675","DSM","SEA","SLC","MFR","DL",2,2
"1676","DSM","SEA","SLC","RDM","DL",1,2
"1677","DSM","SEA","SLC",NA,"DL",141,1
"1678","DSM","SEA","STL",NA,"WN",1,1
"1679","DSM","SFO","ATL",NA,"DL",5,1
"1680","DSM","SFO","CLT",NA,"AA",3,1
"1681","DSM","SFO","DEN","BOI","UA",1,2
"1682","DSM","SFO","DEN","BUR","UA",1,2
"1683","DSM","SFO","DEN","FAT","UA",1,2
"1684","DSM","SFO","DEN","LAX","UA",1,2
"1685","DSM","SFO","DEN","PAE","UA",1,2
"1686","DSM","SFO","DEN","PSP","UA",1,2
"1687","DSM","SFO","DEN","RDM","UA",1,2
"1688","DSM","SFO","DEN","SMF","UA",1,2
"1689","DSM","SFO","DEN","SNA","UA",2,2
"1690","DSM","SFO","DEN",NA,"F9",79,1
"1691","DSM","SFO","DEN",NA,"UA",756,1
"1692","DSM","SFO","DFW","PHX","AA",1,2
"1693","DSM","SFO","DFW",NA,"AA",123,1
"1694","DSM","SFO","DTW",NA,"DL",14,1
"1695","DSM","SFO","IAH",NA,"UA",39,1
"1696","DSM","SFO","LAS",NA,"WN",73,1
"1697","DSM","SFO","MSP",NA,"DL",332,1
"1698","DSM","SFO","ORD","DFW","UA",1,2
"1699","DSM","SFO","ORD","LAS","UA",1,2
"1700","DSM","SFO","ORD","LAX","UA",1,2
"1701","DSM","SFO","ORD",NA,"AA",45,1
"1702","DSM","SFO","ORD",NA,"UA",101,1
"1703","DSM","SFO","PHX",NA,"AA",265,1
"1704","DSM","SFO","PHX",NA,"WN",18,1
"1705","DSM","SFO","SLC",NA,"DL",43,1
"1706","DSM","SFO","STL",NA,"WN",32,1
"1707","DSM","SGU","DEN",NA,"UA",16,1
"1708","DSM","SGU","ORD","LAX","UA",1,2
"1709","DSM","SGU","PHX",NA,"AA",12,1
"1710","DSM","SGU","SLC",NA,"DL",3,1
"1711","DSM","SHD","ORD",NA,"UA",2,1
"1712","DSM","SHV","ATL",NA,"DL",15,1
"1713","DSM","SHV","DEN",NA,"UA",1,1
"1714","DSM","SHV","DFW",NA,"AA",27,1
"1715","DSM","SHV","IAH",NA,"UA",12,1
"1716","DSM","SHV","ORD","DFW","AA",1,2
"1717","DSM","SIT","MSP","SEA","DL",2,2
"1718","DSM","SJC","ATL",NA,"DL",5,1
"1719","DSM","SJC","DEN",NA,"UA",207,1
"1720","DSM","SJC","DFW","LAX","AA",1,2
"1721","DSM","SJC","DFW",NA,"AA",26,1
"1722","DSM","SJC","DTW","SLC","DL",1,2
"1723","DSM","SJC","DTW",NA,"DL",2,1
"1724","DSM","SJC","IAH",NA,"UA",17,1
"1725","DSM","SJC","LAS","ONT","WN",1,2
"1726","DSM","SJC","LAS",NA,"WN",140,1
"1727","DSM","SJC","MSP","LAX","DL",1,2
"1728","DSM","SJC","MSP","SEA","DL",2,2
"1729","DSM","SJC","MSP","SLC","DL",2,2
"1730","DSM","SJC","MSP",NA,"DL",87,1
"1731","DSM","SJC","ORD","LAX","AA",2,2
"1732","DSM","SJC","ORD",NA,"AA",10,1
"1733","DSM","SJC","ORD",NA,"UA",4,1
"1734","DSM","SJC","PHX",NA,"AA",199,1
"1735","DSM","SJC","PHX",NA,"WN",12,1
"1736","DSM","SJC","SLC",NA,"DL",21,1
"1737","DSM","SJC","STL","SAN","WN",1,2
"1738","DSM","SJC","STL",NA,"WN",2,1
"1739","DSM","SJT","DFW",NA,"AA",33,1
"1740","DSM","SJU","ATL","JFK","DL",1,2
"1741","DSM","SJU","ATL",NA,"DL",106,1
"1742","DSM","SJU","CLT","MIA","AA",3,2
"1743","DSM","SJU","CLT","STT","AA",1,2
"1744","DSM","SJU","CLT",NA,"AA",53,1
"1745","DSM","SJU","DCA","MIA","AA",1,2
"1746","DSM","SJU","DFW",NA,"AA",41,1
"1747","DSM","SJU","DTW","JFK","DL",1,2
"1748","DSM","SJU","IAH",NA,"UA",71,1
"1749","DSM","SJU","MSP","ATL","DL",1,2
"1750","DSM","SJU","MSP","JFK","DL",1,2
"1751","DSM","SJU","MSP",NA,"DL",3,1
"1752","DSM","SJU","ORD","CLT","AA",2,2
"1753","DSM","SJU","ORD","EWR","UA",2,2
"1754","DSM","SJU","ORD","MIA","AA",4,2
"1755","DSM","SJU","ORD","PHL","AA",1,2
"1756","DSM","SJU","ORD",NA,"AA",59,1
"1757","DSM","SJU","ORD",NA,"UA",39,1
"1758","DSM","SJU","PHL","CLT","AA",2,2
"1759","DSM","SJU","PHL","MIA","AA",1,2
"1760","DSM","SJU","PHL",NA,"AA",67,1
"1761","DSM","SLC","DEN",NA,"F9",49,1
"1762","DSM","SLC","DEN",NA,"UA",154,1
"1763","DSM","SLC","DFW",NA,"AA",79,1
"1764","DSM","SLC","DTW",NA,"DL",10,1
"1765","DSM","SLC","IAH",NA,"UA",6,1
"1766","DSM","SLC","LAS",NA,"WN",40,1
"1767","DSM","SLC","MSP","DEN","DL",7,2
"1768","DSM","SLC","MSP","DFW","DL",1,2
"1769","DSM","SLC","MSP","MKE","DL",1,2
"1770","DSM","SLC","MSP","STL","DL",1,2
"1771","DSM","SLC","MSP",NA,"DL",112,1
"1772","DSM","SLC","ORD",NA,"AA",10,1
"1773","DSM","SLC","ORD",NA,"UA",6,1
"1774","DSM","SLC","PHX",NA,"AA",78,1
"1775","DSM","SLC","PHX",NA,"WN",11,1
"1776","DSM","SLC","STL",NA,"WN",5,1
"1777","DSM","SMF","ATL",NA,"DL",12,1
"1778","DSM","SMF","DEN","SFO","UA",1,2
"1779","DSM","SMF","DEN",NA,"UA",309,1
"1780","DSM","SMF","DFW","PHX","AA",1,2
"1781","DSM","SMF","DFW",NA,"AA",85,1
"1782","DSM","SMF","IAH",NA,"UA",4,1
"1783","DSM","SMF","LAS",NA,"WN",219,1
"1784","DSM","SMF","MSP","LAX","DL",2,2
"1785","DSM","SMF","MSP","SEA","DL",1,2
"1786","DSM","SMF","MSP","SLC","DL",4,2
"1787","DSM","SMF","MSP",NA,"DL",62,1
"1788","DSM","SMF","ORD",NA,"AA",9,1
"1789","DSM","SMF","ORD",NA,"UA",21,1
"1790","DSM","SMF","PHX",NA,"AA",234,1
"1791","DSM","SMF","PHX",NA,"WN",9,1
"1792","DSM","SMF","SLC",NA,"DL",32,1
"1793","DSM","SMF","STL",NA,"WN",2,1
"1794","DSM","SNA","DEN","SFO","UA",2,2
"1795","DSM","SNA","DEN",NA,"F9",1,1
"1796","DSM","SNA","DEN",NA,"UA",283,1
"1797","DSM","SNA","DFW","PHX","AA",1,2
"1798","DSM","SNA","DFW",NA,"AA",143,1
"1799","DSM","SNA","IAH",NA,"UA",32,1
"1800","DSM","SNA","LAS",NA,"WN",127,1
"1801","DSM","SNA","MSP","LAS","DL",5,2
"1802","DSM","SNA","MSP",NA,"DL",84,1
"1803","DSM","SNA","ORD",NA,"AA",61,1
"1804","DSM","SNA","ORD",NA,"UA",23,1
"1805","DSM","SNA","PHX",NA,"AA",290,1
"1806","DSM","SNA","PHX",NA,"WN",20,1
"1807","DSM","SNA","SLC",NA,"DL",47,1
"1808","DSM","SPI","ORD",NA,"UA",8,1
"1809","DSM","SPS","DFW",NA,"AA",11,1
"1810","DSM","SRQ","ATL",NA,"DL",154,1
"1811","DSM","SRQ","CLT",NA,"AA",35,1
"1812","DSM","SRQ","DFW",NA,"AA",13,1
"1813","DSM","SRQ","DTW","ATL","DL",1,2
"1814","DSM","SRQ","DTW",NA,"DL",5,1
"1815","DSM","SRQ","ORD",NA,"AA",5,1
"1816","DSM","SRQ","ORD",NA,"UA",55,1
"1817","DSM","STL","ORD",NA,"AA",70,1
"1818","DSM","STL","ORD",NA,"UA",35,1
"1819","DSM","STS","DEN","SFO","UA",2,2
"1820","DSM","STS","DEN",NA,"UA",10,1
"1821","DSM","STS","DFW",NA,"AA",1,1
"1822","DSM","STS","PHX",NA,"AA",19,1
"1823","DSM","STT","ATL",NA,"DL",54,1
"1824","DSM","STT","CLT","SJU","AA",1,2
"1825","DSM","STT","CLT",NA,"AA",36,1
"1826","DSM","STT","DFW","MIA","AA",2,2
"1827","DSM","STT","IAH",NA,"UA",4,1
"1828","DSM","STT","ORD",NA,"UA",7,1
"1829","DSM","STX","ATL","SJU","DL",1,2
"1830","DSM","STX","ATL","STT","DL",1,2
"1831","DSM","STX","ATL",NA,"DL",7,1
"1832","DSM","STX","CLT","MIA","AA",5,2
"1833","DSM","STX","CLT",NA,"AA",1,1
"1834","DSM","STX","DCA","MIA","AA",2,2
"1835","DSM","STX","DFW","CLT","AA",1,2
"1836","DSM","STX","DFW","MIA","AA",4,2
"1837","DSM","STX","ORD","MIA","AA",4,2
"1838","DSM","STX","ORD","SJU","AA",1,2
"1839","DSM","STX","PHL","MIA","AA",2,2
"1840","DSM","SUN","DEN",NA,"UA",2,1
"1841","DSM","SUN","MSP","SLC","DL",2,2
"1842","DSM","SUN","SLC",NA,"DL",3,1
"1843","DSM","SWF","CLT","PHL","AA",3,2
"1844","DSM","SWF","DTW",NA,"DL",12,1
"1845","DSM","SWF","ORD","PHL","AA",2,2
"1846","DSM","SWF","PHL",NA,"AA",6,1
"1847","DSM","SWO","DFW",NA,"AA",16,1
"1848","DSM","SYR","ATL",NA,"DL",10,1
"1849","DSM","SYR","CLT",NA,"AA",4,1
"1850","DSM","SYR","DCA",NA,"AA",6,1
"1851","DSM","SYR","DTW",NA,"DL",37,1
"1852","DSM","SYR","LGA",NA,"DL",1,1
"1853","DSM","SYR","MSP",NA,"DL",9,1
"1854","DSM","SYR","ORD",NA,"AA",60,1
"1855","DSM","SYR","ORD",NA,"UA",51,1
"1856","DSM","SYR","PHL",NA,"AA",7,1
"1857","DSM","TLH","ATL",NA,"DL",73,1
"1858","DSM","TLH","CLT",NA,"AA",21,1
"1859","DSM","TLH","DCA",NA,"AA",2,1
"1860","DSM","TLH","DFW",NA,"AA",22,1
"1861","DSM","TLH","DTW","ATL","DL",1,2
"1862","DSM","TLH","PHL","MIA","AA",1,2
"1863","DSM","TOL","ORD",NA,"AA",32,1
"1864","DSM","TPA","ATL","RDU","DL",1,2
"1865","DSM","TPA","ATL",NA,"DL",382,1
"1866","DSM","TPA","CLT",NA,"AA",230,1
"1867","DSM","TPA","DCA","CLT","AA",1,2
"1868","DSM","TPA","DCA","MIA","AA",1,2
"1869","DSM","TPA","DCA",NA,"AA",21,1
"1870","DSM","TPA","DEN",NA,"F9",1,1
"1871","DSM","TPA","DEN",NA,"UA",6,1
"1872","DSM","TPA","DFW",NA,"AA",146,1
"1873","DSM","TPA","DTW",NA,"DL",101,1
"1874","DSM","TPA","IAH",NA,"UA",74,1
"1875","DSM","TPA","LGA",NA,"DL",4,1
"1876","DSM","TPA","MSP","ATL","DL",1,2
"1877","DSM","TPA","MSP",NA,"DL",53,1
"1878","DSM","TPA","ORD","CLT","AA",1,2
"1879","DSM","TPA","ORD","IAH","UA",1,2
"1880","DSM","TPA","ORD",NA,"AA",85,1
"1881","DSM","TPA","ORD",NA,"UA",149,1
"1882","DSM","TPA","PHL",NA,"AA",50,1
"1883","DSM","TPA","STL","AUS","WN",1,2
"1884","DSM","TPA","STL",NA,"WN",83,1
"1885","DSM","TRI","ATL",NA,"DL",27,1
"1886","DSM","TRI","CLT",NA,"AA",25,1
"1887","DSM","TRI","DTW","ATL","DL",1,2
"1888","DSM","TRI","ORD","CLT","AA",1,2
"1889","DSM","TUL","DFW",NA,"AA",69,1
"1890","DSM","TUL","MSP",NA,"DL",14,1
"1891","DSM","TUL","STL",NA,"WN",58,1
"1892","DSM","TUS","ATL",NA,"DL",4,1
"1893","DSM","TUS","DEN",NA,"UA",118,1
"1894","DSM","TUS","DFW","PHX","AA",1,2
"1895","DSM","TUS","DFW",NA,"AA",134,1
"1896","DSM","TUS","IAH",NA,"UA",22,1
"1897","DSM","TUS","LAS",NA,"WN",27,1
"1898","DSM","TUS","MSP","SLC","DL",1,2
"1899","DSM","TUS","MSP",NA,"DL",6,1
"1900","DSM","TUS","ORD",NA,"AA",7,1
"1901","DSM","TUS","ORD",NA,"UA",4,1
"1902","DSM","TUS","PHX",NA,"AA",159,1
"1903","DSM","TUS","SLC",NA,"DL",14,1
"1904","DSM","TVC","DTW",NA,"DL",18,1
"1905","DSM","TVC","MSP","DTW","DL",1,2
"1906","DSM","TVC","MSP",NA,"DL",17,1
"1907","DSM","TVC","ORD",NA,"AA",31,1
"1908","DSM","TVC","ORD",NA,"UA",7,1
"1909","DSM","TWF","MSP","SLC","DL",6,2
"1910","DSM","TWF","SLC",NA,"DL",14,1
"1911","DSM","TXK","DFW",NA,"AA",17,1
"1912","DSM","TYR","DFW",NA,"AA",30,1
"1913","DSM","TYR","ORD","DFW","AA",1,2
"1914","DSM","TYS","ATL",NA,"DL",55,1
"1915","DSM","TYS","CLT",NA,"AA",46,1
"1916","DSM","TYS","DCA",NA,"AA",1,1
"1917","DSM","TYS","DFW",NA,"AA",3,1
"1918","DSM","TYS","DTW",NA,"DL",44,1
"1919","DSM","TYS","MSP",NA,"DL",8,1
"1920","DSM","TYS","ORD",NA,"AA",33,1
"1921","DSM","TYS","ORD",NA,"UA",36,1
"1922","DSM","TYS","PHL","CLT","AA",1,2
"1923","DSM","TYS","PHL",NA,"AA",6,1
"1924","DSM","VCT","IAH",NA,"UA",2,1
"1925","DSM","VEL","DEN",NA,"UA",6,1
"1926","DSM","VLD","ATL",NA,"DL",20,1
"1927","DSM","VPS","ATL",NA,"DL",87,1
"1928","DSM","VPS","CLT",NA,"AA",22,1
"1929","DSM","VPS","DCA",NA,"AA",1,1
"1930","DSM","VPS","DFW",NA,"AA",85,1
"1931","DSM","VPS","DTW","ATL","DL",2,2
"1932","DSM","VPS","IAH",NA,"UA",6,1
"1933","DSM","VPS","MSP","ATL","DL",1,2
"1934","DSM","VPS","ORD",NA,"UA",1,1
"1935","DSM","XNA","DFW",NA,"AA",34,1
"1936","DSM","XWA","MSP",NA,"DL",5,1
"1937","DSM","YUM","DFW","PHX","AA",1,2
"1938","DSM","YUM","DFW",NA,"AA",6,1
"1939","DSM","YUM","ORD","PHX","AA",2,2
"1940","DSM","YUM","PHX",NA,"AA",50,1
